[{"model": "clinico.aseguradora", "pk": 1, "fields": {"nombre": "Sura EPS"}}, {"model": "clinico.aseguradora", "pk": 2, "fields": {"nombre": "Nueva EPS"}}, {"model": "clinico.aseguradora", "pk": 3, "fields": {"nombre": "Sanitas"}}, {"model": "clinico.aseguradora", "pk": 4, "fields": {"nombre": "Famisanar"}}, {"model": "clinico.aseguradora", "pk": 5, "fields": {"nombre": "Coosalud"}}, {"model": "clinico.aseguradora", "pk": 6, "fields": {"nombre": "Mutual SER"}}, {"model": "clinico.aseguradora", "pk": 7, "fields": {"nombre": "Emssanar"}}, {"model": "clinico.aseguradora", "pk": 8, "fields": {"nombre": "SUBSIDIADO - EMSSANAR EPS S.A.S. [2025]"}}, {"model": "clinico.aseguradora", "pk": 9, "fields": {"nombre": "CONTRIBUTIVO - NUEVA EPS"}}, {"model": "clinico.paciente", "pk": 1, "fields": {"num_historia_clinica": "HC001234", "num_identificacion": "1234567890", "nombres": "MarÝa Fernanda Gonzßlez GarcÝa", "fecha_nacimiento": "1998-06-10", "tipo_sangre": "O+"}}, {"model": "clinico.paciente", "pk": 2, "fields": {"num_historia_clinica": "HC002345", "num_identificacion": "9876543210", "nombres": "Ana SofÝa RodrÝguez MartÝnez", "fecha_nacimiento": "1995-08-22", "tipo_sangre": "A+"}}, {"model": "clinico.paciente", "pk": 3, "fields": {"num_historia_clinica": "HC003456", "num_identificacion": "5555666677", "nombres": "Laura Patricia RamÝrez L¾pez", "fecha_nacimiento": "1988-12-10", "tipo_sangre": "B+"}}, {"model": "clinico.paciente", "pk": 4, "fields": {"num_historia_clinica": "700657", "num_identificacion": "59652727", "nombres": "SANDRA  MILENA CHAPI", "fecha_nacimiento": "1983-11-21", "tipo_sangre": "O+"}}, {"model": "clinico.paciente", "pk": 5, "fields": {"num_historia_clinica": "694026", "num_identificacion": "1085298904", "nombres": "JOHANA LIZETH BENAVIDES RIOS", "fecha_nacimiento": "1992-08-24", "tipo_sangre": "O+"}}, {"model": "clinico.paciente", "pk": 6, "fields": {"num_historia_clinica": "692006", "num_identificacion": "1018344413", "nombres": "MARIA ALEJANDRA ORREGO VELEZ", "fecha_nacimiento": "1989-01-23", "tipo_sangre": "O+"}}, {"model": "clinico.paciente", "pk": 7, "fields": {"num_historia_clinica": "701292", "num_identificacion": "1087410364", "nombres": "EVELIN DANIELA CHAUCANES BOLAÐOS", "fecha_nacimiento": "2006-01-01", "tipo_sangre": "O+"}}, {"model": "clinico.paciente", "pk": 8, "fields": {"num_historia_clinica": "701724", "num_identificacion": "VEN33040041", "nombres": "DORIANNYS DE LOS ANGELES LARA MONTAÐEZ", "fecha_nacimiento": "2005-01-03", "tipo_sangre": null}}, {"model": "clinico.paciente", "pk": 9, "fields": {"num_historia_clinica": "628221", "num_identificacion": "1004696422", "nombres": "MARCELA XIMENA DELGADO ROSERO", "fecha_nacimiento": "2002-08-27", "tipo_sangre": "A+"}}, {"model": "clinico.paciente", "pk": 10, "fields": {"num_historia_clinica": "700623", "num_identificacion": "1085317016", "nombres": "DANIELA CAROLINA MORA BOLAÐOS", "fecha_nacimiento": "1994-08-19", "tipo_sangre": "O+"}}, {"model": "clinico.paciente", "pk": 11, "fields": {"num_historia_clinica": "700266", "num_identificacion": "1088946982", "nombres": "MARIANA  ARCILA CORDOBA", "fecha_nacimiento": "1997-03-18", "tipo_sangre": null}}, {"model": "clinico.paciente", "pk": 12, "fields": {"num_historia_clinica": "694025", "num_identificacion": "1028782164", "nombres": "JULIANA  MARTINEZ MONTILLA", "fecha_nacimiento": "2005-05-14", "tipo_sangre": null}}, {"model": "clinico.paciente", "pk": 13, "fields": {"num_historia_clinica": "701376", "num_identificacion": "1004193398", "nombres": "YESENIA  TATIANA BURBANO  BOLAÐOS", "fecha_nacimiento": "2002-09-29", "tipo_sangre": null}}, {"model": "clinico.paciente", "pk": 14, "fields": {"num_historia_clinica": "698384", "num_identificacion": "1087196574", "nombres": "NASLY MARISELA QUIROZ VIAFARA", "fecha_nacimiento": "1993-01-01", "tipo_sangre": null}}, {"model": "clinico.paciente", "pk": 15, "fields": {"num_historia_clinica": "700660", "num_identificacion": "1004559410", "nombres": "LEIDY LORENA MAFLA ROMO", "fecha_nacimiento": "2000-03-10", "tipo_sangre": null}}, {"model": "clinico.paciente", "pk": 16, "fields": {"num_historia_clinica": "660620", "num_identificacion": "1088730027", "nombres": "KAREN BRIYITH ROSERO ERASO", "fecha_nacimiento": "2005-08-26", "tipo_sangre": null}}, {"model": "clinico.paciente", "pk": 17, "fields": {"num_historia_clinica": "660775", "num_identificacion": "1193385424", "nombres": "ANGIE PAOLA ROSERO INAGAN", "fecha_nacimiento": "2001-01-04", "tipo_sangre": "A+"}}, {"model": "clinico.paciente", "pk": 18, "fields": {"num_historia_clinica": "662971", "num_identificacion": "1004234969", "nombres": "ERIKA LIZETH NASPIRAN RAMIREZ", "fecha_nacimiento": "2002-12-07", "tipo_sangre": null}}, {"model": "clinico.paciente", "pk": 19, "fields": {"num_historia_clinica": "700661", "num_identificacion": "1087803837", "nombres": "VIVIAN YADIRA DEUSA", "fecha_nacimiento": "2005-05-02", "tipo_sangre": "O+"}}, {"model": "clinico.paciente", "pk": 20, "fields": {"num_historia_clinica": "700636", "num_identificacion": "31149679", "nombres": "MARIA LUISA AULLON SUAREZ", "fecha_nacimiento": "1955-11-14", "tipo_sangre": null}}, {"model": "clinico.paciente", "pk": 21, "fields": {"num_historia_clinica": "700606", "num_identificacion": "1134714308", "nombres": "ANGIE VANESSA PEREA MINA", "fecha_nacimiento": "2005-03-12", "tipo_sangre": "O+"}}, {"model": "clinico.paciente", "pk": 22, "fields": {"num_historia_clinica": "696145", "num_identificacion": "30711463", "nombres": "BLANCA GLADIS NARVAEZ DE PEDROZA", "fecha_nacimiento": "1955-12-17", "tipo_sangre": null}}, {"model": "clinico.paciente", "pk": 23, "fields": {"num_historia_clinica": "635384", "num_identificacion": "1037262576", "nombres": "YENY PAOLA CASAS SEPULVEDA", "fecha_nacimiento": "2002-04-24", "tipo_sangre": "B+"}}, {"model": "clinico.paciente", "pk": 24, "fields": {"num_historia_clinica": "700652", "num_identificacion": "1089513028", "nombres": "BENLLALY SOFIA QUIÐONES PALACIOS", "fecha_nacimiento": "2009-07-04", "tipo_sangre": "O+"}}, {"model": "clinico.paciente", "pk": 25, "fields": {"num_historia_clinica": "700667", "num_identificacion": "1080830257", "nombres": "ANGIE PAOLA RODRIGUEZ CORTES", "fecha_nacimiento": "2000-10-17", "tipo_sangre": "AB+"}}, {"model": "clinico.paciente", "pk": 26, "fields": {"num_historia_clinica": "612802", "num_identificacion": "1085261534", "nombres": "DEISSY JOHANNA MAIGUAL GELPUD", "fecha_nacimiento": "1986-03-21", "tipo_sangre": null}}, {"model": "clinico.paciente", "pk": 27, "fields": {"num_historia_clinica": "701388", "num_identificacion": "1124314529", "nombres": "YUDI ALEXANDRA ESPAÐA DELGADO", "fecha_nacimiento": "1991-08-29", "tipo_sangre": "AB+"}}, {"model": "clinico.paciente", "pk": 28, "fields": {"num_historia_clinica": "622471", "num_identificacion": "1085340365", "nombres": "LEIDY MARLEY LOPEZ TOBAR", "fecha_nacimiento": "1998-05-16", "tipo_sangre": "O+"}}, {"model": "clinico.paciente", "pk": 29, "fields": {"num_historia_clinica": "HH1", "num_identificacion": "1086107653", "nombres": "ANA ISABEL TERMAN ROSERO", "fecha_nacimiento": "2026-02-26", "tipo_sangre": "O-"}}, {"model": "clinico.paciente", "pk": 30, "fields": {"num_historia_clinica": "703087", "num_identificacion": "1085312269", "nombres": "GERALDINE TATIANA CABRERA BENAVIDES", "fecha_nacimiento": "1994-04-25", "tipo_sangre": null}}, {"model": "clinico.paciente", "pk": 31, "fields": {"num_historia_clinica": "700285", "num_identificacion": "1085317295", "nombres": "MARIA DANIELA ESPAÐA ERASO", "fecha_nacimiento": "1994-11-10", "tipo_sangre": "B-"}}, {"model": "clinico.paciente", "pk": 32, "fields": {"num_historia_clinica": "H1", "num_identificacion": "01", "nombres": "MARIA FERNANDA", "fecha_nacimiento": "2026-03-04", "tipo_sangre": "O-"}}, {"model": "clinico.paciente", "pk": 33, "fields": {"num_historia_clinica": "702609", "num_identificacion": "1085302524", "nombres": "EMILSEN LIZETH CORDOBA ROMERO", "fecha_nacimiento": "1993-02-03", "tipo_sangre": "O+"}}, {"model": "clinico.paciente", "pk": 34, "fields": {"num_historia_clinica": "X3", "num_identificacion": "012", "nombres": "OLGA MARIA ROSERO", "fecha_nacimiento": "2002-02-15", "tipo_sangre": "O-"}}, {"model": "clinico.paciente", "pk": 35, "fields": {"num_historia_clinica": "De1", "num_identificacion": "013", "nombres": "Esperanza bastidas", "fecha_nacimiento": "2026-03-12", "tipo_sangre": "A+"}}, {"model": "clinico.formulario", "pk": 1, "fields": {"codigo": "FRSPA-022", "version": "01", "fecha_elabora": "2026-03-12", "fecha_actualizacion": "2026-01-26T16:41:16.005Z", "num_hoja": 1, "aseguradora": 9, "paciente": 28, "diagnostico": "O149 PREECLAMPSIA, NO ESPECIFICADA", "edad_snapshot": 27, "edad_gestion": 6, "estado": "g", "n_controles_prenatales": 6, "responsable": "Dr. Ricardo Mendoza"}}, {"model": "clinico.formulario", "pk": 2, "fields": {"codigo": "FRSPA-022", "version": "01", "fecha_elabora": "2025-12-17", "fecha_actualizacion": "2026-01-26T16:41:16.202Z", "num_hoja": 1, "aseguradora": 2, "paciente": 2, "diagnostico": "Primigestante en trabajo de parto", "edad_snapshot": 30, "edad_gestion": 40, "estado": "p", "n_controles_prenatales": 10, "responsable": "Dra. Claudia Rivera"}}, {"model": "clinico.formulario", "pk": 3, "fields": {"codigo": "FRSPA-022", "version": "01", "fecha_elabora": "2025-12-16", "fecha_actualizacion": "2026-01-26T16:41:16.323Z", "num_hoja": 1, "aseguradora": 3, "paciente": 3, "diagnostico": "Embarazo prolongado - Inducci¾n", "edad_snapshot": 37, "edad_gestion": 41, "estado": "c", "n_controles_prenatales": 6, "responsable": "Dr. Sergio Torres"}}, {"model": "clinico.formulario", "pk": 4, "fields": {"codigo": "FRSPA-022", "version": "01", "fecha_elabora": "2026-02-26", "fecha_actualizacion": "2026-02-26T17:05:44.724Z", "num_hoja": 1, "aseguradora": 7, "paciente": 29, "diagnostico": "ABORTO", "edad_snapshot": 16, "edad_gestion": 34, "estado": "p", "n_controles_prenatales": 3, "responsable": "ARACELY CHAMORRO"}}, {"model": "clinico.formulario", "pk": 5, "fields": {"codigo": "FRSPA-022", "version": "01", "fecha_elabora": "2026-03-04", "fecha_actualizacion": "2026-03-04T14:04:12.973Z", "num_hoja": 1, "aseguradora": 8, "paciente": 4, "diagnostico": "O368 ATENCION MATERNA POR OTROS PROBLEMAS FETALES ESPECIFICADOS", "edad_snapshot": 42, "edad_gestion": 9, "estado": "p", "n_controles_prenatales": 3, "responsable": "HUMBERTO ZALAAR"}}, {"model": "clinico.formulario", "pk": 6, "fields": {"codigo": "FRSPA-022", "version": "01", "fecha_elabora": "2026-03-04", "fecha_actualizacion": "2026-03-04T14:58:35.856Z", "num_hoja": 1, "aseguradora": 3, "paciente": 32, "diagnostico": "EMBARAZO", "edad_snapshot": 34, "edad_gestion": 39, "estado": "g", "n_controles_prenatales": 1, "responsable": "EDISON IBARRA"}}, {"model": "clinico.formulario", "pk": 7, "fields": {"codigo": "FRSPA-022", "version": "01", "fecha_elabora": "2026-03-16", "fecha_actualizacion": "2026-03-12T16:16:28.739Z", "num_hoja": 1, "aseguradora": 5, "paciente": 1, "diagnostico": "EMBARAZO", "edad_snapshot": 27, "edad_gestion": 2, "estado": "v", "n_controles_prenatales": 3, "responsable": "EDISON IBARRA"}}, {"model": "clinico.formulario", "pk": 8, "fields": {"codigo": "FRSPA-022", "version": "01", "fecha_elabora": "2026-03-13", "fecha_actualizacion": "2026-03-12T16:45:17.286Z", "num_hoja": 1, "aseguradora": 9, "paciente": 34, "diagnostico": "Embarazo", "edad_snapshot": 24, "edad_gestion": 6, "estado": "p", "n_controles_prenatales": 1, "responsable": "Edison"}}, {"model": "clinico.formulario", "pk": 9, "fields": {"codigo": "FRSPA-022", "version": "01", "fecha_elabora": "2026-03-13", "fecha_actualizacion": "2026-03-13T01:42:37.507Z", "num_hoja": 1, "aseguradora": 5, "paciente": 35, "diagnostico": "Embarazo", "edad_snapshot": 0, "edad_gestion": 2, "estado": "p", "n_controles_prenatales": 1, "responsable": "Edison"}}, {"model": "clinico.item", "pk": 1, "fields": {"codigo": "CTRL_MAT", "nombre": "Controles Maternos"}}, {"model": "clinico.item", "pk": 2, "fields": {"codigo": "CONTRAC_UTER", "nombre": "Contracciones uterinas"}}, {"model": "clinico.item", "pk": 3, "fields": {"codigo": "CTRL_FETAL", "nombre": "Control Fetal"}}, {"model": "clinico.item", "pk": 4, "fields": {"codigo": "TACTO_VAG", "nombre": "Tacto Vaginal"}}, {"model": "clinico.item", "pk": 5, "fields": {"codigo": "MON_FETAL", "nombre": "Monitoreo Fetal"}}, {"model": "clinico.item", "pk": 6, "fields": {"codigo": "OXITOCINA", "nombre": "Oxitocina"}}, {"model": "clinico.parametro", "pk": 1, "fields": {"item": 1, "codigo": "TENSION_ART", "nombre": "Tensi¾n arterial", "unidad": "mmHg", "orden": 1, "activo": true}}, {"model": "clinico.parametro", "pk": 2, "fields": {"item": 1, "codigo": "FREC_CARD", "nombre": "Frec. Cardiaca", "unidad": "lpm", "orden": 2, "activo": true}}, {"model": "clinico.parametro", "pk": 3, "fields": {"item": 1, "codigo": "FREC_RESP", "nombre": "Frec. Respiratoria", "unidad": "rpm", "orden": 3, "activo": true}}, {"model": "clinico.parametro", "pk": 4, "fields": {"item": 1, "codigo": "TEMPERATURA", "nombre": "Temperatura", "unidad": "░C", "orden": 4, "activo": true}}, {"model": "clinico.parametro", "pk": 5, "fields": {"item": 2, "codigo": "FRECUENCIA", "nombre": "Frecuencia", "unidad": "min", "orden": 1, "activo": true}}, {"model": "clinico.parametro", "pk": 6, "fields": {"item": 2, "codigo": "DURACION", "nombre": "Duraci¾n", "unidad": "seg", "orden": 2, "activo": true}}, {"model": "clinico.parametro", "pk": 7, "fields": {"item": 2, "codigo": "INTENSIDAD", "nombre": "Intensidad", "unidad": null, "orden": 3, "activo": true}}, {"model": "clinico.parametro", "pk": 8, "fields": {"item": 3, "codigo": "FREC_CARD_FETAL", "nombre": "Frecuencia Cardiaca Fetal", "unidad": "lpm", "orden": 1, "activo": true}}, {"model": "clinico.parametro", "pk": 9, "fields": {"item": 3, "codigo": "MOV_FETALES", "nombre": "Movimientos Fetales", "unidad": null, "orden": 2, "activo": true}}, {"model": "clinico.parametro", "pk": 10, "fields": {"item": 3, "codigo": "PRESENTACION", "nombre": "Presentaci¾n", "unidad": null, "orden": 3, "activo": true}}, {"model": "clinico.parametro", "pk": 11, "fields": {"item": 4, "codigo": "MEMB_INTEGRAS", "nombre": "Membranas Integras", "unidad": null, "orden": 1, "activo": true}}, {"model": "clinico.parametro", "pk": 12, "fields": {"item": 4, "codigo": "MEMB_ROTAS", "nombre": "Membranas Rotas", "unidad": null, "orden": 2, "activo": true}}, {"model": "clinico.parametro", "pk": 13, "fields": {"item": 4, "codigo": "LIQ_AMNIOTICO", "nombre": "Liquido Amniotico", "unidad": null, "orden": 3, "activo": true}}, {"model": "clinico.parametro", "pk": 14, "fields": {"item": 4, "codigo": "HORA_RUPTURA", "nombre": "Hora Ruptura", "unidad": null, "orden": 4, "activo": true}}, {"model": "clinico.parametro", "pk": 15, "fields": {"item": 4, "codigo": "DILATACION", "nombre": "Dilataci¾n", "unidad": "cm", "orden": 5, "activo": true}}, {"model": "clinico.parametro", "pk": 16, "fields": {"item": 4, "codigo": "BORRAMIENTO", "nombre": "Borramiento", "unidad": "%", "orden": 6, "activo": true}}, {"model": "clinico.parametro", "pk": 17, "fields": {"item": 5, "codigo": "HORA", "nombre": "Hora", "unidad": null, "orden": 1, "activo": true}}, {"model": "clinico.parametro", "pk": 18, "fields": {"item": 5, "codigo": "CATEGORIA", "nombre": "Categoria", "unidad": null, "orden": 2, "activo": true}}, {"model": "clinico.parametro", "pk": 19, "fields": {"item": 6, "codigo": "MILIUNIDADES", "nombre": "Miliunidades", "unidad": "mU", "orden": 1, "activo": true}}, {"model": "clinico.parametro", "pk": 20, "fields": {"item": 6, "codigo": "CC_H", "nombre": "CC/H", "unidad": "cc/h", "orden": 2, "activo": true}}, {"model": "clinico.formularioitemparametro", "pk": 1, "fields": {"formulario": 1, "item": 2, "parametro": 5, "requerido": false}}, {"model": "clinico.formularioitemparametro", "pk": 2, "fields": {"formulario": 1, "item": 2, "parametro": 6, "requerido": false}}, {"model": "clinico.formularioitemparametro", "pk": 3, "fields": {"formulario": 1, "item": 2, "parametro": 7, "requerido": false}}, {"model": "clinico.formularioitemparametro", "pk": 4, "fields": {"formulario": 1, "item": 3, "parametro": 8, "requerido": false}}, {"model": "clinico.formularioitemparametro", "pk": 5, "fields": {"formulario": 1, "item": 3, "parametro": 9, "requerido": false}}, {"model": "clinico.formularioitemparametro", "pk": 6, "fields": {"formulario": 1, "item": 3, "parametro": 10, "requerido": false}}, {"model": "clinico.formularioitemparametro", "pk": 7, "fields": {"formulario": 1, "item": 1, "parametro": 1, "requerido": false}}, {"model": "clinico.formularioitemparametro", "pk": 8, "fields": {"formulario": 1, "item": 1, "parametro": 2, "requerido": false}}, {"model": "clinico.formularioitemparametro", "pk": 9, "fields": {"formulario": 1, "item": 1, "parametro": 3, "requerido": false}}, {"model": "clinico.formularioitemparametro", "pk": 10, "fields": {"formulario": 1, "item": 1, "parametro": 4, "requerido": false}}, {"model": "clinico.formularioitemparametro", "pk": 11, "fields": {"formulario": 1, "item": 5, "parametro": 17, "requerido": false}}, {"model": "clinico.formularioitemparametro", "pk": 12, "fields": {"formulario": 1, "item": 5, "parametro": 18, "requerido": false}}, {"model": "clinico.formularioitemparametro", "pk": 13, "fields": {"formulario": 1, "item": 6, "parametro": 19, "requerido": false}}, {"model": "clinico.formularioitemparametro", "pk": 14, "fields": {"formulario": 1, "item": 6, "parametro": 20, "requerido": false}}, {"model": "clinico.formularioitemparametro", "pk": 15, "fields": {"formulario": 1, "item": 4, "parametro": 11, "requerido": false}}, {"model": "clinico.formularioitemparametro", "pk": 16, "fields": {"formulario": 1, "item": 4, "parametro": 12, "requerido": false}}, {"model": "clinico.formularioitemparametro", "pk": 17, "fields": {"formulario": 1, "item": 4, "parametro": 13, "requerido": false}}, {"model": "clinico.formularioitemparametro", "pk": 18, "fields": {"formulario": 1, "item": 4, "parametro": 14, "requerido": false}}, {"model": "clinico.formularioitemparametro", "pk": 19, "fields": {"formulario": 1, "item": 4, "parametro": 15, "requerido": false}}, {"model": "clinico.formularioitemparametro", "pk": 20, "fields": {"formulario": 1, "item": 4, "parametro": 16, "requerido": false}}, {"model": "clinico.formularioitemparametro", "pk": 21, "fields": {"formulario": 2, "item": 2, "parametro": 5, "requerido": false}}, {"model": "clinico.formularioitemparametro", "pk": 22, "fields": {"formulario": 2, "item": 2, "parametro": 6, "requerido": false}}, {"model": "clinico.formularioitemparametro", "pk": 23, "fields": {"formulario": 2, "item": 2, "parametro": 7, "requerido": false}}, {"model": "clinico.formularioitemparametro", "pk": 24, "fields": {"formulario": 2, "item": 3, "parametro": 8, "requerido": false}}, {"model": "clinico.formularioitemparametro", "pk": 25, "fields": {"formulario": 2, "item": 3, "parametro": 9, "requerido": false}}, {"model": "clinico.formularioitemparametro", "pk": 26, "fields": {"formulario": 2, "item": 3, "parametro": 10, "requerido": false}}, {"model": "clinico.formularioitemparametro", "pk": 27, "fields": {"formulario": 2, "item": 1, "parametro": 1, "requerido": false}}, {"model": "clinico.formularioitemparametro", "pk": 28, "fields": {"formulario": 2, "item": 1, "parametro": 2, "requerido": false}}, {"model": "clinico.formularioitemparametro", "pk": 29, "fields": {"formulario": 2, "item": 1, "parametro": 3, "requerido": false}}, {"model": "clinico.formularioitemparametro", "pk": 30, "fields": {"formulario": 2, "item": 1, "parametro": 4, "requerido": false}}, {"model": "clinico.formularioitemparametro", "pk": 31, "fields": {"formulario": 2, "item": 5, "parametro": 17, "requerido": false}}, {"model": "clinico.formularioitemparametro", "pk": 32, "fields": {"formulario": 2, "item": 5, "parametro": 18, "requerido": false}}, {"model": "clinico.formularioitemparametro", "pk": 33, "fields": {"formulario": 2, "item": 6, "parametro": 19, "requerido": false}}, {"model": "clinico.formularioitemparametro", "pk": 34, "fields": {"formulario": 2, "item": 6, "parametro": 20, "requerido": false}}, {"model": "clinico.formularioitemparametro", "pk": 35, "fields": {"formulario": 2, "item": 4, "parametro": 11, "requerido": false}}, {"model": "clinico.formularioitemparametro", "pk": 36, "fields": {"formulario": 2, "item": 4, "parametro": 12, "requerido": false}}, {"model": "clinico.formularioitemparametro", "pk": 37, "fields": {"formulario": 2, "item": 4, "parametro": 13, "requerido": false}}, {"model": "clinico.formularioitemparametro", "pk": 38, "fields": {"formulario": 2, "item": 4, "parametro": 14, "requerido": false}}, {"model": "clinico.formularioitemparametro", "pk": 39, "fields": {"formulario": 2, "item": 4, "parametro": 15, "requerido": false}}, {"model": "clinico.formularioitemparametro", "pk": 40, "fields": {"formulario": 2, "item": 4, "parametro": 16, "requerido": false}}, {"model": "clinico.formularioitemparametro", "pk": 41, "fields": {"formulario": 3, "item": 2, "parametro": 5, "requerido": false}}, {"model": "clinico.formularioitemparametro", "pk": 42, "fields": {"formulario": 3, "item": 2, "parametro": 6, "requerido": false}}, {"model": "clinico.formularioitemparametro", "pk": 43, "fields": {"formulario": 3, "item": 2, "parametro": 7, "requerido": false}}, {"model": "clinico.formularioitemparametro", "pk": 44, "fields": {"formulario": 3, "item": 3, "parametro": 8, "requerido": false}}, {"model": "clinico.formularioitemparametro", "pk": 45, "fields": {"formulario": 3, "item": 3, "parametro": 9, "requerido": false}}, {"model": "clinico.formularioitemparametro", "pk": 46, "fields": {"formulario": 3, "item": 3, "parametro": 10, "requerido": false}}, {"model": "clinico.formularioitemparametro", "pk": 47, "fields": {"formulario": 3, "item": 1, "parametro": 1, "requerido": false}}, {"model": "clinico.formularioitemparametro", "pk": 48, "fields": {"formulario": 3, "item": 1, "parametro": 2, "requerido": false}}, {"model": "clinico.formularioitemparametro", "pk": 49, "fields": {"formulario": 3, "item": 1, "parametro": 3, "requerido": false}}, {"model": "clinico.formularioitemparametro", "pk": 50, "fields": {"formulario": 3, "item": 1, "parametro": 4, "requerido": false}}, {"model": "clinico.formularioitemparametro", "pk": 51, "fields": {"formulario": 3, "item": 5, "parametro": 17, "requerido": false}}, {"model": "clinico.formularioitemparametro", "pk": 52, "fields": {"formulario": 3, "item": 5, "parametro": 18, "requerido": false}}, {"model": "clinico.formularioitemparametro", "pk": 53, "fields": {"formulario": 3, "item": 6, "parametro": 19, "requerido": false}}, {"model": "clinico.formularioitemparametro", "pk": 54, "fields": {"formulario": 3, "item": 6, "parametro": 20, "requerido": false}}, {"model": "clinico.formularioitemparametro", "pk": 55, "fields": {"formulario": 3, "item": 4, "parametro": 11, "requerido": false}}, {"model": "clinico.formularioitemparametro", "pk": 56, "fields": {"formulario": 3, "item": 4, "parametro": 12, "requerido": false}}, {"model": "clinico.formularioitemparametro", "pk": 57, "fields": {"formulario": 3, "item": 4, "parametro": 13, "requerido": false}}, {"model": "clinico.formularioitemparametro", "pk": 58, "fields": {"formulario": 3, "item": 4, "parametro": 14, "requerido": false}}, {"model": "clinico.formularioitemparametro", "pk": 59, "fields": {"formulario": 3, "item": 4, "parametro": 15, "requerido": false}}, {"model": "clinico.formularioitemparametro", "pk": 60, "fields": {"formulario": 3, "item": 4, "parametro": 16, "requerido": false}}, {"model": "clinico.campoparametro", "pk": 1, "fields": {"parametro": 1, "codigo": "SISTOLICA", "nombre": "Sist¾lica", "tipo_valor": "number", "unidad": "mmHg", "orden": 1}}, {"model": "clinico.campoparametro", "pk": 2, "fields": {"parametro": 1, "codigo": "DIASTOLICA", "nombre": "Diast¾lica", "tipo_valor": "number", "unidad": "mmHg", "orden": 2}}, {"model": "clinico.campoparametro", "pk": 3, "fields": {"parametro": 2, "codigo": "VALOR", "nombre": "Valor", "tipo_valor": "number", "unidad": "lpm", "orden": 1}}, {"model": "clinico.campoparametro", "pk": 4, "fields": {"parametro": 3, "codigo": "VALOR", "nombre": "Valor", "tipo_valor": "number", "unidad": "rpm", "orden": 1}}, {"model": "clinico.campoparametro", "pk": 5, "fields": {"parametro": 4, "codigo": "VALOR", "nombre": "Valor", "tipo_valor": "number", "unidad": "░C", "orden": 1}}, {"model": "clinico.campoparametro", "pk": 6, "fields": {"parametro": 8, "codigo": "VALOR", "nombre": "Valor", "tipo_valor": "number", "unidad": "lpm", "orden": 1}}, {"model": "clinico.campoparametro", "pk": 7, "fields": {"parametro": 15, "codigo": "VALOR", "nombre": "Valor", "tipo_valor": "number", "unidad": "cm", "orden": 1}}, {"model": "clinico.campoparametro", "pk": 8, "fields": {"parametro": 16, "codigo": "VALOR", "nombre": "Valor", "tipo_valor": "number", "unidad": "%", "orden": 1}}, {"model": "clinico.campoparametro", "pk": 9, "fields": {"parametro": 7, "codigo": "DESCRIPCION", "nombre": "Descripci¾n", "tipo_valor": "text", "unidad": null, "orden": 1}}, {"model": "clinico.campoparametro", "pk": 10, "fields": {"parametro": 9, "codigo": "DESCRIPCION", "nombre": "Descripci¾n", "tipo_valor": "text", "unidad": null, "orden": 1}}, {"model": "clinico.campoparametro", "pk": 11, "fields": {"parametro": 10, "codigo": "DESCRIPCION", "nombre": "Descripci¾n", "tipo_valor": "text", "unidad": null, "orden": 1}}, {"model": "clinico.campoparametro", "pk": 12, "fields": {"parametro": 13, "codigo": "DESCRIPCION", "nombre": "Descripci¾n", "tipo_valor": "text", "unidad": null, "orden": 1}}, {"model": "clinico.campoparametro", "pk": 13, "fields": {"parametro": 18, "codigo": "DESCRIPCION", "nombre": "Descripci¾n", "tipo_valor": "text", "unidad": null, "orden": 1}}, {"model": "clinico.campoparametro", "pk": 14, "fields": {"parametro": 11, "codigo": "ESTADO", "nombre": "Estado", "tipo_valor": "boolean", "unidad": null, "orden": 1}}, {"model": "clinico.campoparametro", "pk": 15, "fields": {"parametro": 12, "codigo": "ESTADO", "nombre": "Estado", "tipo_valor": "boolean", "unidad": null, "orden": 1}}, {"model": "clinico.campoparametro", "pk": 16, "fields": {"parametro": 5, "codigo": "TIEMPO", "nombre": "Tiempo", "tipo_valor": "text", "unidad": null, "orden": 1}}, {"model": "clinico.campoparametro", "pk": 17, "fields": {"parametro": 6, "codigo": "TIEMPO", "nombre": "Tiempo", "tipo_valor": "text", "unidad": null, "orden": 1}}, {"model": "clinico.campoparametro", "pk": 18, "fields": {"parametro": 14, "codigo": "TIEMPO", "nombre": "Tiempo", "tipo_valor": "text", "unidad": null, "orden": 1}}, {"model": "clinico.campoparametro", "pk": 19, "fields": {"parametro": 17, "codigo": "TIEMPO", "nombre": "Tiempo", "tipo_valor": "text", "unidad": null, "orden": 1}}, {"model": "clinico.campoparametro", "pk": 20, "fields": {"parametro": 19, "codigo": "CANTIDAD", "nombre": "Cantidad", "tipo_valor": "number", "unidad": "mU", "orden": 1}}, {"model": "clinico.campoparametro", "pk": 21, "fields": {"parametro": 20, "codigo": "CANTIDAD", "nombre": "Cantidad", "tipo_valor": "number", "unidad": "cc/h", "orden": 1}}, {"model": "clinico.medicion", "pk": 1, "fields": {"formulario": 3, "parametro": 1, "tomada_en": "2026-01-26T14:41:16.471Z", "observacion": "Control rutinario"}}, {"model": "clinico.medicion", "pk": 2, "fields": {"formulario": 3, "parametro": 2, "tomada_en": "2026-01-26T14:41:16.471Z", "observacion": null}}, {"model": "clinico.medicion", "pk": 3, "fields": {"formulario": 3, "parametro": 15, "tomada_en": "2026-01-26T15:41:16.471Z", "observacion": null}}, {"model": "clinico.medicion", "pk": 4, "fields": {"formulario": 3, "parametro": 13, "tomada_en": "2026-01-26T15:41:16.471Z", "observacion": null}}, {"model": "clinico.medicion", "pk": 5, "fields": {"formulario": 2, "parametro": 1, "tomada_en": "2026-01-26T14:41:16.471Z", "observacion": "Control rutinario"}}, {"model": "clinico.medicion", "pk": 6, "fields": {"formulario": 2, "parametro": 2, "tomada_en": "2026-01-26T14:41:16.471Z", "observacion": null}}, {"model": "clinico.medicion", "pk": 7, "fields": {"formulario": 2, "parametro": 15, "tomada_en": "2026-01-26T15:41:16.471Z", "observacion": null}}, {"model": "clinico.medicion", "pk": 8, "fields": {"formulario": 2, "parametro": 13, "tomada_en": "2026-01-26T15:41:16.471Z", "observacion": null}}, {"model": "clinico.medicion", "pk": 9, "fields": {"formulario": 1, "parametro": 1, "tomada_en": "2026-01-26T14:41:16.471Z", "observacion": "Control rutinario"}}, {"model": "clinico.medicion", "pk": 10, "fields": {"formulario": 1, "parametro": 2, "tomada_en": "2026-01-26T14:41:16.471Z", "observacion": null}}, {"model": "clinico.medicion", "pk": 11, "fields": {"formulario": 1, "parametro": 15, "tomada_en": "2026-01-26T15:41:16.471Z", "observacion": null}}, {"model": "clinico.medicion", "pk": 12, "fields": {"formulario": 1, "parametro": 13, "tomada_en": "2026-01-26T15:41:16.471Z", "observacion": null}}, {"model": "clinico.medicion", "pk": 13, "fields": {"formulario": 4, "parametro": 1, "tomada_en": "2026-02-27T17:01:00Z", "observacion": null}}, {"model": "clinico.medicion", "pk": 14, "fields": {"formulario": 4, "parametro": 1, "tomada_en": "2026-02-26T17:01:00Z", "observacion": null}}, {"model": "clinico.medicion", "pk": 15, "fields": {"formulario": 4, "parametro": 4, "tomada_en": "2026-02-26T17:01:00Z", "observacion": null}}, {"model": "clinico.medicion", "pk": 16, "fields": {"formulario": 4, "parametro": 3, "tomada_en": "2026-02-26T17:01:00Z", "observacion": null}}, {"model": "clinico.medicion", "pk": 17, "fields": {"formulario": 4, "parametro": 4, "tomada_en": "2026-02-27T17:01:00Z", "observacion": null}}, {"model": "clinico.medicion", "pk": 18, "fields": {"formulario": 4, "parametro": 3, "tomada_en": "2026-02-27T17:01:00Z", "observacion": null}}, {"model": "clinico.medicion", "pk": 19, "fields": {"formulario": 4, "parametro": 2, "tomada_en": "2026-02-26T17:01:00Z", "observacion": null}}, {"model": "clinico.medicion", "pk": 20, "fields": {"formulario": 4, "parametro": 5, "tomada_en": "2026-02-26T17:01:00Z", "observacion": null}}, {"model": "clinico.medicion", "pk": 21, "fields": {"formulario": 4, "parametro": 2, "tomada_en": "2026-02-27T17:01:00Z", "observacion": null}}, {"model": "clinico.medicion", "pk": 22, "fields": {"formulario": 4, "parametro": 5, "tomada_en": "2026-02-27T17:01:00Z", "observacion": null}}, {"model": "clinico.medicion", "pk": 23, "fields": {"formulario": 4, "parametro": 6, "tomada_en": "2026-02-26T17:01:00Z", "observacion": null}}, {"model": "clinico.medicion", "pk": 24, "fields": {"formulario": 4, "parametro": 6, "tomada_en": "2026-02-27T17:01:00Z", "observacion": null}}, {"model": "clinico.medicion", "pk": 25, "fields": {"formulario": 4, "parametro": 7, "tomada_en": "2026-02-26T17:01:00Z", "observacion": null}}, {"model": "clinico.medicion", "pk": 26, "fields": {"formulario": 4, "parametro": 7, "tomada_en": "2026-02-27T17:01:00Z", "observacion": null}}, {"model": "clinico.medicion", "pk": 27, "fields": {"formulario": 1, "parametro": 1, "tomada_en": "2026-01-26T14:41:00Z", "observacion": null}}, {"model": "clinico.medicion", "pk": 28, "fields": {"formulario": 5, "parametro": 1, "tomada_en": "2026-03-04T14:03:00Z", "observacion": null}}, {"model": "clinico.medicion", "pk": 29, "fields": {"formulario": 5, "parametro": 2, "tomada_en": "2026-03-04T14:03:00Z", "observacion": null}}, {"model": "clinico.medicion", "pk": 30, "fields": {"formulario": 5, "parametro": 4, "tomada_en": "2026-03-04T14:03:00Z", "observacion": null}}, {"model": "clinico.medicion", "pk": 31, "fields": {"formulario": 5, "parametro": 3, "tomada_en": "2026-03-04T14:03:00Z", "observacion": null}}, {"model": "clinico.medicion", "pk": 32, "fields": {"formulario": 5, "parametro": 17, "tomada_en": "2026-03-04T14:03:00Z", "observacion": null}}, {"model": "clinico.medicion", "pk": 33, "fields": {"formulario": 6, "parametro": 2, "tomada_en": "2026-03-04T14:58:00Z", "observacion": null}}, {"model": "clinico.medicion", "pk": 34, "fields": {"formulario": 6, "parametro": 1, "tomada_en": "2026-03-04T14:58:00Z", "observacion": null}}, {"model": "clinico.medicion", "pk": 35, "fields": {"formulario": 6, "parametro": 3, "tomada_en": "2026-03-04T14:58:00Z", "observacion": null}}, {"model": "clinico.medicion", "pk": 36, "fields": {"formulario": 6, "parametro": 4, "tomada_en": "2026-03-04T14:58:00Z", "observacion": null}}, {"model": "clinico.medicion", "pk": 37, "fields": {"formulario": 6, "parametro": 5, "tomada_en": "2026-03-04T14:58:00Z", "observacion": null}}, {"model": "clinico.medicion", "pk": 38, "fields": {"formulario": 6, "parametro": 8, "tomada_en": "2026-03-04T14:58:00Z", "observacion": null}}, {"model": "clinico.medicion", "pk": 39, "fields": {"formulario": 6, "parametro": 7, "tomada_en": "2026-03-04T14:58:00Z", "observacion": null}}, {"model": "clinico.medicion", "pk": 40, "fields": {"formulario": 6, "parametro": 6, "tomada_en": "2026-03-04T14:58:00Z", "observacion": null}}, {"model": "clinico.medicion", "pk": 41, "fields": {"formulario": 6, "parametro": 9, "tomada_en": "2026-03-04T14:58:00Z", "observacion": null}}, {"model": "clinico.medicion", "pk": 42, "fields": {"formulario": 6, "parametro": 10, "tomada_en": "2026-03-04T14:58:00Z", "observacion": null}}, {"model": "clinico.medicion", "pk": 43, "fields": {"formulario": 6, "parametro": 1, "tomada_en": "2026-03-04T15:59:00Z", "observacion": null}}, {"model": "clinico.medicion", "pk": 44, "fields": {"formulario": 6, "parametro": 1, "tomada_en": "2026-03-04T15:00:00Z", "observacion": null}}, {"model": "clinico.medicion", "pk": 45, "fields": {"formulario": 6, "parametro": 2, "tomada_en": "2026-03-04T15:59:00Z", "observacion": null}}, {"model": "clinico.medicion", "pk": 46, "fields": {"formulario": 6, "parametro": 3, "tomada_en": "2026-03-04T15:59:00Z", "observacion": null}}, {"model": "clinico.medicion", "pk": 47, "fields": {"formulario": 6, "parametro": 4, "tomada_en": "2026-03-04T15:59:00Z", "observacion": null}}, {"model": "clinico.medicion", "pk": 48, "fields": {"formulario": 6, "parametro": 5, "tomada_en": "2026-03-04T15:59:00Z", "observacion": null}}, {"model": "clinico.medicion", "pk": 49, "fields": {"formulario": 6, "parametro": 6, "tomada_en": "2026-03-04T15:59:00Z", "observacion": null}}, {"model": "clinico.medicion", "pk": 50, "fields": {"formulario": 6, "parametro": 7, "tomada_en": "2026-03-04T15:59:00Z", "observacion": null}}, {"model": "clinico.medicion", "pk": 52, "fields": {"formulario": 7, "parametro": 1, "tomada_en": "2026-03-12T16:12:00Z", "observacion": null}}, {"model": "clinico.medicion", "pk": 55, "fields": {"formulario": 8, "parametro": 1, "tomada_en": "2026-03-12T16:45:00Z", "observacion": null}}, {"model": "clinico.medicion", "pk": 59, "fields": {"formulario": 8, "parametro": 1, "tomada_en": "2026-03-13T16:47:00Z", "observacion": null}}, {"model": "clinico.medicion", "pk": 62, "fields": {"formulario": 8, "parametro": 1, "tomada_en": "2026-03-12T16:47:00Z", "observacion": null}}, {"model": "clinico.medicion", "pk": 82, "fields": {"formulario": 8, "parametro": 1, "tomada_en": "2026-03-12T17:09:00Z", "observacion": null}}, {"model": "clinico.medicion", "pk": 86, "fields": {"formulario": 8, "parametro": 1, "tomada_en": "2026-03-11T17:10:00Z", "observacion": null}}, {"model": "clinico.medicion", "pk": 88, "fields": {"formulario": 7, "parametro": 1, "tomada_en": "2026-03-12T19:41:00Z", "observacion": null}}, {"model": "clinico.medicion", "pk": 89, "fields": {"formulario": 7, "parametro": 1, "tomada_en": "2026-03-12T19:42:00Z", "observacion": null}}, {"model": "clinico.medicion", "pk": 94, "fields": {"formulario": 9, "parametro": 1, "tomada_en": "2026-03-13T01:42:00Z", "observacion": null}}, {"model": "clinico.medicion", "pk": 100, "fields": {"formulario": 7, "parametro": 1, "tomada_en": "2026-03-15T03:23:00Z", "observacion": null}}, {"model": "clinico.medicion", "pk": 109, "fields": {"formulario": 7, "parametro": 12, "tomada_en": "2026-03-13T04:40:00Z", "observacion": null}}, {"model": "clinico.medicion", "pk": 110, "fields": {"formulario": 7, "parametro": 15, "tomada_en": "2026-03-13T04:40:00Z", "observacion": null}}, {"model": "clinico.medicion", "pk": 111, "fields": {"formulario": 7, "parametro": 11, "tomada_en": "2026-03-13T04:40:00Z", "observacion": null}}, {"model": "clinico.medicion", "pk": 112, "fields": {"formulario": 7, "parametro": 14, "tomada_en": "2026-03-13T04:40:00Z", "observacion": null}}, {"model": "clinico.medicion", "pk": 113, "fields": {"formulario": 7, "parametro": 13, "tomada_en": "2026-03-13T04:40:00Z", "observacion": null}}, {"model": "clinico.medicion", "pk": 114, "fields": {"formulario": 7, "parametro": 16, "tomada_en": "2026-03-13T04:40:00Z", "observacion": null}}, {"model": "clinico.medicion", "pk": 115, "fields": {"formulario": 9, "parametro": 2, "tomada_en": "2026-03-13T05:12:00Z", "observacion": null}}, {"model": "clinico.medicion", "pk": 116, "fields": {"formulario": 9, "parametro": 4, "tomada_en": "2026-03-13T05:12:00Z", "observacion": null}}, {"model": "clinico.medicion", "pk": 117, "fields": {"formulario": 9, "parametro": 3, "tomada_en": "2026-03-13T05:12:00Z", "observacion": null}}, {"model": "clinico.medicion", "pk": 118, "fields": {"formulario": 9, "parametro": 6, "tomada_en": "2026-03-13T05:12:00Z", "observacion": null}}, {"model": "clinico.medicion", "pk": 119, "fields": {"formulario": 9, "parametro": 5, "tomada_en": "2026-03-13T05:12:00Z", "observacion": null}}, {"model": "clinico.medicion", "pk": 120, "fields": {"formulario": 9, "parametro": 7, "tomada_en": "2026-03-13T05:12:00Z", "observacion": null}}, {"model": "clinico.medicion", "pk": 121, "fields": {"formulario": 9, "parametro": 4, "tomada_en": "2026-03-13T05:17:00Z", "observacion": null}}, {"model": "clinico.medicion", "pk": 122, "fields": {"formulario": 9, "parametro": 2, "tomada_en": "2026-03-13T05:17:00Z", "observacion": null}}, {"model": "clinico.medicion", "pk": 123, "fields": {"formulario": 9, "parametro": 3, "tomada_en": "2026-03-13T05:17:00Z", "observacion": null}}, {"model": "clinico.medicion", "pk": 124, "fields": {"formulario": 9, "parametro": 6, "tomada_en": "2026-03-13T05:18:00Z", "observacion": null}}, {"model": "clinico.medicion", "pk": 125, "fields": {"formulario": 9, "parametro": 7, "tomada_en": "2026-03-13T05:18:00Z", "observacion": null}}, {"model": "clinico.medicion", "pk": 126, "fields": {"formulario": 9, "parametro": 8, "tomada_en": "2026-03-13T05:18:00Z", "observacion": null}}, {"model": "clinico.medicion", "pk": 127, "fields": {"formulario": 9, "parametro": 9, "tomada_en": "2026-03-13T05:18:00Z", "observacion": null}}, {"model": "clinico.medicion", "pk": 128, "fields": {"formulario": 9, "parametro": 10, "tomada_en": "2026-03-13T05:18:00Z", "observacion": null}}, {"model": "clinico.medicion", "pk": 129, "fields": {"formulario": 9, "parametro": 5, "tomada_en": "2026-03-13T05:18:00Z", "observacion": null}}, {"model": "clinico.medicion", "pk": 130, "fields": {"formulario": 9, "parametro": 11, "tomada_en": "2026-03-13T05:18:00Z", "observacion": null}}, {"model": "clinico.medicion", "pk": 131, "fields": {"formulario": 9, "parametro": 12, "tomada_en": "2026-03-13T05:18:00Z", "observacion": null}}, {"model": "clinico.medicion", "pk": 132, "fields": {"formulario": 9, "parametro": 13, "tomada_en": "2026-03-13T05:18:00Z", "observacion": null}}, {"model": "clinico.medicion", "pk": 133, "fields": {"formulario": 9, "parametro": 14, "tomada_en": "2026-03-13T05:18:00Z", "observacion": null}}, {"model": "clinico.medicion", "pk": 134, "fields": {"formulario": 9, "parametro": 15, "tomada_en": "2026-03-13T05:18:00Z", "observacion": null}}, {"model": "clinico.medicion", "pk": 135, "fields": {"formulario": 9, "parametro": 16, "tomada_en": "2026-03-13T05:18:00Z", "observacion": null}}, {"model": "clinico.medicion", "pk": 136, "fields": {"formulario": 9, "parametro": 17, "tomada_en": "2026-03-13T05:18:00Z", "observacion": null}}, {"model": "clinico.medicion", "pk": 137, "fields": {"formulario": 9, "parametro": 18, "tomada_en": "2026-03-13T05:18:00Z", "observacion": null}}, {"model": "clinico.medicion", "pk": 138, "fields": {"formulario": 9, "parametro": 19, "tomada_en": "2026-03-13T05:18:00Z", "observacion": null}}, {"model": "clinico.medicion", "pk": 139, "fields": {"formulario": 9, "parametro": 20, "tomada_en": "2026-03-13T05:18:00Z", "observacion": null}}, {"model": "clinico.medicion", "pk": 140, "fields": {"formulario": 9, "parametro": 2, "tomada_en": "2026-03-13T05:18:00Z", "observacion": null}}, {"model": "clinico.medicion", "pk": 141, "fields": {"formulario": 9, "parametro": 3, "tomada_en": "2026-03-13T05:18:00Z", "observacion": null}}, {"model": "clinico.medicion", "pk": 142, "fields": {"formulario": 9, "parametro": 4, "tomada_en": "2026-03-13T05:18:00Z", "observacion": null}}, {"model": "clinico.medicion", "pk": 143, "fields": {"formulario": 9, "parametro": 1, "tomada_en": "2026-03-13T05:18:00Z", "observacion": null}}, {"model": "clinico.medicion", "pk": 144, "fields": {"formulario": 9, "parametro": 2, "tomada_en": "2026-03-13T05:20:00Z", "observacion": null}}, {"model": "clinico.medicion", "pk": 145, "fields": {"formulario": 9, "parametro": 4, "tomada_en": "2026-03-13T05:20:00Z", "observacion": null}}, {"model": "clinico.medicion", "pk": 146, "fields": {"formulario": 7, "parametro": 13, "tomada_en": "2026-03-13T16:23:00Z", "observacion": null}}, {"model": "clinico.medicion", "pk": 147, "fields": {"formulario": 7, "parametro": 11, "tomada_en": "2026-03-13T16:23:00Z", "observacion": null}}, {"model": "clinico.medicion", "pk": 148, "fields": {"formulario": 7, "parametro": 12, "tomada_en": "2026-03-13T16:23:00Z", "observacion": null}}, {"model": "clinico.medicion", "pk": 149, "fields": {"formulario": 7, "parametro": 14, "tomada_en": "2026-03-13T16:23:00Z", "observacion": null}}, {"model": "clinico.medicion", "pk": 150, "fields": {"formulario": 7, "parametro": 15, "tomada_en": "2026-03-13T16:23:00Z", "observacion": null}}, {"model": "clinico.medicion", "pk": 151, "fields": {"formulario": 7, "parametro": 16, "tomada_en": "2026-03-13T16:23:00Z", "observacion": null}}, {"model": "clinico.medicion", "pk": 152, "fields": {"formulario": 7, "parametro": 12, "tomada_en": "2026-03-15T23:19:00Z", "observacion": null}}, {"model": "clinico.medicion", "pk": 153, "fields": {"formulario": 7, "parametro": 11, "tomada_en": "2026-03-15T23:19:00Z", "observacion": null}}, {"model": "clinico.medicion", "pk": 154, "fields": {"formulario": 7, "parametro": 13, "tomada_en": "2026-03-15T23:19:00Z", "observacion": null}}, {"model": "clinico.medicion", "pk": 155, "fields": {"formulario": 7, "parametro": 13, "tomada_en": "2026-03-16T13:14:00Z", "observacion": null}}, {"model": "clinico.medicion", "pk": 156, "fields": {"formulario": 7, "parametro": 11, "tomada_en": "2026-03-16T13:14:00Z", "observacion": null}}, {"model": "clinico.medicion", "pk": 157, "fields": {"formulario": 7, "parametro": 12, "tomada_en": "2026-03-16T13:14:00Z", "observacion": null}}, {"model": "clinico.medicionvalor", "pk": 1, "fields": {"medicion": 1, "campo": 1, "valor_number": "120.000000", "valor_text": null, "valor_boolean": null, "valor_json": null}}, {"model": "clinico.medicionvalor", "pk": 2, "fields": {"medicion": 1, "campo": 2, "valor_number": "80.000000", "valor_text": null, "valor_boolean": null, "valor_json": null}}, {"model": "clinico.medicionvalor", "pk": 3, "fields": {"medicion": 2, "campo": 3, "valor_number": "75.000000", "valor_text": null, "valor_boolean": null, "valor_json": null}}, {"model": "clinico.medicionvalor", "pk": 4, "fields": {"medicion": 3, "campo": 7, "valor_number": "4.000000", "valor_text": null, "valor_boolean": null, "valor_json": null}}, {"model": "clinico.medicionvalor", "pk": 5, "fields": {"medicion": 4, "campo": 12, "valor_number": null, "valor_text": "Claro, sin olor", "valor_boolean": null, "valor_json": null}}, {"model": "clinico.medicionvalor", "pk": 6, "fields": {"medicion": 5, "campo": 1, "valor_number": "120.000000", "valor_text": null, "valor_boolean": null, "valor_json": null}}, {"model": "clinico.medicionvalor", "pk": 7, "fields": {"medicion": 5, "campo": 2, "valor_number": "80.000000", "valor_text": null, "valor_boolean": null, "valor_json": null}}, {"model": "clinico.medicionvalor", "pk": 8, "fields": {"medicion": 6, "campo": 3, "valor_number": "75.000000", "valor_text": null, "valor_boolean": null, "valor_json": null}}, {"model": "clinico.medicionvalor", "pk": 9, "fields": {"medicion": 7, "campo": 7, "valor_number": "4.000000", "valor_text": null, "valor_boolean": null, "valor_json": null}}, {"model": "clinico.medicionvalor", "pk": 10, "fields": {"medicion": 8, "campo": 12, "valor_number": null, "valor_text": "Claro, sin olor", "valor_boolean": null, "valor_json": null}}, {"model": "clinico.medicionvalor", "pk": 11, "fields": {"medicion": 9, "campo": 1, "valor_number": "120.000000", "valor_text": null, "valor_boolean": null, "valor_json": null}}, {"model": "clinico.medicionvalor", "pk": 12, "fields": {"medicion": 9, "campo": 2, "valor_number": "80.000000", "valor_text": null, "valor_boolean": null, "valor_json": null}}, {"model": "clinico.medicionvalor", "pk": 13, "fields": {"medicion": 10, "campo": 3, "valor_number": "75.000000", "valor_text": null, "valor_boolean": null, "valor_json": null}}, {"model": "clinico.medicionvalor", "pk": 14, "fields": {"medicion": 11, "campo": 7, "valor_number": "4.000000", "valor_text": null, "valor_boolean": null, "valor_json": null}}, {"model": "clinico.medicionvalor", "pk": 15, "fields": {"medicion": 12, "campo": 12, "valor_number": null, "valor_text": "Claro, sin olor", "valor_boolean": null, "valor_json": null}}, {"model": "clinico.medicionvalor", "pk": 16, "fields": {"medicion": 13, "campo": 1, "valor_number": null, "valor_text": "undefined", "valor_boolean": null, "valor_json": null}}, {"model": "clinico.medicionvalor", "pk": 17, "fields": {"medicion": 14, "campo": 1, "valor_number": null, "valor_text": "undefined", "valor_boolean": null, "valor_json": null}}, {"model": "clinico.medicionvalor", "pk": 18, "fields": {"medicion": 15, "campo": 5, "valor_number": null, "valor_text": "32.0-34.9", "valor_boolean": null, "valor_json": null}}, {"model": "clinico.medicionvalor", "pk": 19, "fields": {"medicion": 16, "campo": 4, "valor_number": null, "valor_text": "8-11", "valor_boolean": null, "valor_json": null}}, {"model": "clinico.medicionvalor", "pk": 20, "fields": {"medicion": 17, "campo": 5, "valor_number": null, "valor_text": "39.0-40.9", "valor_boolean": null, "valor_json": null}}, {"model": "clinico.medicionvalor", "pk": 21, "fields": {"medicion": 18, "campo": 4, "valor_number": null, "valor_text": "8-11", "valor_boolean": null, "valor_json": null}}, {"model": "clinico.medicionvalor", "pk": 22, "fields": {"medicion": 19, "campo": 3, "valor_number": null, "valor_text": "<40", "valor_boolean": null, "valor_json": null}}, {"model": "clinico.medicionvalor", "pk": 23, "fields": {"medicion": 20, "campo": 16, "valor_number": null, "valor_text": "0", "valor_boolean": null, "valor_json": null}}, {"model": "clinico.medicionvalor", "pk": 24, "fields": {"medicion": 21, "campo": 3, "valor_number": null, "valor_text": "40-59", "valor_boolean": null, "valor_json": null}}, {"model": "clinico.medicionvalor", "pk": 25, "fields": {"medicion": 22, "campo": 16, "valor_number": null, "valor_text": "0", "valor_boolean": null, "valor_json": null}}, {"model": "clinico.medicionvalor", "pk": 26, "fields": {"medicion": 23, "campo": 17, "valor_number": null, "valor_text": "30-60", "valor_boolean": null, "valor_json": null}}, {"model": "clinico.medicionvalor", "pk": 27, "fields": {"medicion": 24, "campo": 17, "valor_number": null, "valor_text": "<30", "valor_boolean": null, "valor_json": null}}, {"model": "clinico.medicionvalor", "pk": 28, "fields": {"medicion": 25, "campo": 9, "valor_number": null, "valor_text": "0", "valor_boolean": null, "valor_json": null}}, {"model": "clinico.medicionvalor", "pk": 29, "fields": {"medicion": 26, "campo": 9, "valor_number": null, "valor_text": "0", "valor_boolean": null, "valor_json": null}}, {"model": "clinico.medicionvalor", "pk": 30, "fields": {"medicion": 27, "campo": 1, "valor_number": null, "valor_text": "120", "valor_boolean": null, "valor_json": null}}, {"model": "clinico.medicionvalor", "pk": 31, "fields": {"medicion": 28, "campo": 1, "valor_number": null, "valor_text": "130", "valor_boolean": null, "valor_json": null}}, {"model": "clinico.medicionvalor", "pk": 32, "fields": {"medicion": 29, "campo": 3, "valor_number": null, "valor_text": "121-150", "valor_boolean": null, "valor_json": null}}, {"model": "clinico.medicionvalor", "pk": 33, "fields": {"medicion": 31, "campo": 4, "valor_number": null, "valor_text": "8-11", "valor_boolean": null, "valor_json": null}}, {"model": "clinico.medicionvalor", "pk": 34, "fields": {"medicion": 30, "campo": 5, "valor_number": null, "valor_text": "38.0-38.9", "valor_boolean": null, "valor_json": null}}, {"model": "clinico.medicionvalor", "pk": 35, "fields": {"medicion": 32, "campo": 19, "valor_number": null, "valor_text": "2026-03-04T09:03", "valor_boolean": null, "valor_json": null}}, {"model": "clinico.medicionvalor", "pk": 36, "fields": {"medicion": 34, "campo": 1, "valor_number": null, "valor_text": "110", "valor_boolean": null, "valor_json": null}}, {"model": "clinico.medicionvalor", "pk": 37, "fields": {"medicion": 35, "campo": 4, "valor_number": null, "valor_text": "<8", "valor_boolean": null, "valor_json": null}}, {"model": "clinico.medicionvalor", "pk": 38, "fields": {"medicion": 33, "campo": 3, "valor_number": null, "valor_text": "<40", "valor_boolean": null, "valor_json": null}}, {"model": "clinico.medicionvalor", "pk": 39, "fields": {"medicion": 38, "campo": 6, "valor_number": null, "valor_text": "<100", "valor_boolean": null, "valor_json": null}}, {"model": "clinico.medicionvalor", "pk": 40, "fields": {"medicion": 36, "campo": 5, "valor_number": null, "valor_text": "32.0-34.9", "valor_boolean": null, "valor_json": null}}, {"model": "clinico.medicionvalor", "pk": 41, "fields": {"medicion": 37, "campo": 16, "valor_number": null, "valor_text": "0", "valor_boolean": null, "valor_json": null}}, {"model": "clinico.medicionvalor", "pk": 42, "fields": {"medicion": 39, "campo": 9, "valor_number": null, "valor_text": "1", "valor_boolean": null, "valor_json": null}}, {"model": "clinico.medicionvalor", "pk": 43, "fields": {"medicion": 41, "campo": 10, "valor_number": null, "valor_text": "0", "valor_boolean": null, "valor_json": null}}, {"model": "clinico.medicionvalor", "pk": 44, "fields": {"medicion": 40, "campo": 17, "valor_number": null, "valor_text": "<30", "valor_boolean": null, "valor_json": null}}, {"model": "clinico.medicionvalor", "pk": 45, "fields": {"medicion": 42, "campo": 11, "valor_number": null, "valor_text": "Oblicua", "valor_boolean": null, "valor_json": null}}, {"model": "clinico.medicionvalor", "pk": 46, "fields": {"medicion": 44, "campo": 1, "valor_number": null, "valor_text": "150", "valor_boolean": null, "valor_json": null}}, {"model": "clinico.medicionvalor", "pk": 47, "fields": {"medicion": 45, "campo": 3, "valor_number": null, "valor_text": "<40", "valor_boolean": null, "valor_json": null}}, {"model": "clinico.medicionvalor", "pk": 48, "fields": {"medicion": 43, "campo": 1, "valor_number": null, "valor_text": "200", "valor_boolean": null, "valor_json": null}}, {"model": "clinico.medicionvalor", "pk": 49, "fields": {"medicion": 46, "campo": 4, "valor_number": null, "valor_text": "<8", "valor_boolean": null, "valor_json": null}}, {"model": "clinico.medicionvalor", "pk": 50, "fields": {"medicion": 47, "campo": 5, "valor_number": null, "valor_text": "38.0-38.9", "valor_boolean": null, "valor_json": null}}, {"model": "clinico.medicionvalor", "pk": 51, "fields": {"medicion": 48, "campo": 16, "valor_number": null, "valor_text": "1-2", "valor_boolean": null, "valor_json": null}}, {"model": "clinico.medicionvalor", "pk": 52, "fields": {"medicion": 49, "campo": 17, "valor_number": null, "valor_text": "<30", "valor_boolean": null, "valor_json": null}}, {"model": "clinico.medicionvalor", "pk": 53, "fields": {"medicion": 50, "campo": 9, "valor_number": null, "valor_text": "0", "valor_boolean": null, "valor_json": null}}, {"model": "clinico.medicionvalor", "pk": 54, "fields": {"medicion": 52, "campo": 1, "valor_number": null, "valor_text": "110", "valor_boolean": null, "valor_json": null}}, {"model": "clinico.medicionvalor", "pk": 55, "fields": {"medicion": 55, "campo": 1, "valor_number": null, "valor_text": "140", "valor_boolean": null, "valor_json": null}}, {"model": "clinico.medicionvalor", "pk": 56, "fields": {"medicion": 59, "campo": 1, "valor_number": null, "valor_text": "210", "valor_boolean": null, "valor_json": null}}, {"model": "clinico.medicionvalor", "pk": 57, "fields": {"medicion": 62, "campo": 1, "valor_number": null, "valor_text": "200", "valor_boolean": null, "valor_json": null}}, {"model": "clinico.medicionvalor", "pk": 58, "fields": {"medicion": 82, "campo": 1, "valor_number": null, "valor_text": "200", "valor_boolean": null, "valor_json": null}}, {"model": "clinico.medicionvalor", "pk": 59, "fields": {"medicion": 86, "campo": 1, "valor_number": null, "valor_text": "80", "valor_boolean": null, "valor_json": null}}, {"model": "clinico.medicionvalor", "pk": 60, "fields": {"medicion": 89, "campo": 1, "valor_number": null, "valor_text": "80", "valor_boolean": null, "valor_json": null}}, {"model": "clinico.medicionvalor", "pk": 61, "fields": {"medicion": 88, "campo": 1, "valor_number": null, "valor_text": "70", "valor_boolean": null, "valor_json": null}}, {"model": "clinico.medicionvalor", "pk": 62, "fields": {"medicion": 94, "campo": 1, "valor_number": null, "valor_text": "100", "valor_boolean": null, "valor_json": null}}, {"model": "clinico.medicionvalor", "pk": 63, "fields": {"medicion": 100, "campo": 1, "valor_number": null, "valor_text": "200", "valor_boolean": null, "valor_json": null}}, {"model": "clinico.medicionvalor", "pk": 64, "fields": {"medicion": 123, "campo": 4, "valor_number": null, "valor_text": "<8", "valor_boolean": null, "valor_json": null}}, {"model": "clinico.medicionvalor", "pk": 65, "fields": {"medicion": 122, "campo": 3, "valor_number": null, "valor_text": "<40", "valor_boolean": null, "valor_json": null}}, {"model": "clinico.medicionvalor", "pk": 66, "fields": {"medicion": 121, "campo": 5, "valor_number": null, "valor_text": "32.0-34.9", "valor_boolean": null, "valor_json": null}}, {"model": "clinico.medicionvalor", "pk": 67, "fields": {"medicion": 126, "campo": 6, "valor_number": null, "valor_text": "110-160", "valor_boolean": null, "valor_json": null}}, {"model": "clinico.medicionvalor", "pk": 68, "fields": {"medicion": 129, "campo": 16, "valor_number": null, "valor_text": "1-2", "valor_boolean": null, "valor_json": null}}, {"model": "clinico.medicionvalor", "pk": 69, "fields": {"medicion": 128, "campo": 11, "valor_number": null, "valor_text": "Podßlica", "valor_boolean": null, "valor_json": null}}, {"model": "clinico.medicionvalor", "pk": 70, "fields": {"medicion": 127, "campo": 10, "valor_number": null, "valor_text": "2", "valor_boolean": null, "valor_json": null}}, {"model": "clinico.medicionvalor", "pk": 71, "fields": {"medicion": 124, "campo": 17, "valor_number": null, "valor_text": "<30", "valor_boolean": null, "valor_json": null}}, {"model": "clinico.medicionvalor", "pk": 72, "fields": {"medicion": 125, "campo": 9, "valor_number": null, "valor_text": "3", "valor_boolean": null, "valor_json": null}}, {"model": "clinico.medicionvalor", "pk": 73, "fields": {"medicion": 131, "campo": 15, "valor_number": null, "valor_text": "No - Membranas a·n Ýntegras", "valor_boolean": null, "valor_json": null}}, {"model": "clinico.medicionvalor", "pk": 74, "fields": {"medicion": 132, "campo": 12, "valor_number": null, "valor_text": "Meconio leve", "valor_boolean": null, "valor_json": null}}, {"model": "clinico.medicionvalor", "pk": 75, "fields": {"medicion": 130, "campo": 14, "valor_number": null, "valor_text": "SÝ - Bolsa amni¾tica Ýntegra", "valor_boolean": null, "valor_json": null}}, {"model": "clinico.medicionvalor", "pk": 76, "fields": {"medicion": 133, "campo": 18, "valor_number": null, "valor_text": "2026-03-13T04:18", "valor_boolean": null, "valor_json": null}}, {"model": "clinico.medicionvalor", "pk": 77, "fields": {"medicion": 134, "campo": 7, "valor_number": null, "valor_text": "0û3 Latente", "valor_boolean": null, "valor_json": null}}, {"model": "clinico.medicionvalor", "pk": 78, "fields": {"medicion": 135, "campo": 8, "valor_number": null, "valor_text": "2.8", "valor_boolean": null, "valor_json": null}}, {"model": "clinico.medicionvalor", "pk": 79, "fields": {"medicion": 136, "campo": 19, "valor_number": null, "valor_text": "2026-03-13T00:18", "valor_boolean": null, "valor_json": null}}, {"model": "clinico.medicionvalor", "pk": 80, "fields": {"medicion": 137, "campo": 13, "valor_number": null, "valor_text": "CategorÝa II (Indeterminada)", "valor_boolean": null, "valor_json": null}}, {"model": "clinico.medicionvalor", "pk": 81, "fields": {"medicion": 138, "campo": 20, "valor_number": null, "valor_text": "6 û 20 TerapÚutica", "valor_boolean": null, "valor_json": null}}, {"model": "clinico.medicionvalor", "pk": 82, "fields": {"medicion": 140, "campo": 3, "valor_number": null, "valor_text": "<40", "valor_boolean": null, "valor_json": null}}, {"model": "clinico.medicionvalor", "pk": 83, "fields": {"medicion": 139, "campo": 21, "valor_number": null, "valor_text": "0.88", "valor_boolean": null, "valor_json": null}}, {"model": "clinico.medicionvalor", "pk": 84, "fields": {"medicion": 141, "campo": 4, "valor_number": null, "valor_text": "8-11", "valor_boolean": null, "valor_json": null}}, {"model": "clinico.medicionvalor", "pk": 85, "fields": {"medicion": 142, "campo": 5, "valor_number": null, "valor_text": "<32.0", "valor_boolean": null, "valor_json": null}}, {"model": "clinico.medicionvalor", "pk": 86, "fields": {"medicion": 143, "campo": 1, "valor_number": null, "valor_text": "200", "valor_boolean": null, "valor_json": null}}, {"model": "clinico.medicionvalor", "pk": 87, "fields": {"medicion": 144, "campo": 3, "valor_number": null, "valor_text": "<40", "valor_boolean": null, "valor_json": null}}, {"model": "clinico.medicionvalor", "pk": 88, "fields": {"medicion": 145, "campo": 5, "valor_number": null, "valor_text": "<32.0", "valor_boolean": null, "valor_json": null}}, {"model": "clinico.medicionvalor", "pk": 89, "fields": {"medicion": 147, "campo": 14, "valor_number": null, "valor_text": "SÝ - Bolsa amni¾tica Ýntegra", "valor_boolean": null, "valor_json": null}}, {"model": "clinico.medicionvalor", "pk": 90, "fields": {"medicion": 148, "campo": 15, "valor_number": null, "valor_text": "No - Membranas a·n Ýntegras", "valor_boolean": null, "valor_json": null}}, {"model": "clinico.medicionvalor", "pk": 91, "fields": {"medicion": 146, "campo": 12, "valor_number": null, "valor_text": "Meconio leve", "valor_boolean": null, "valor_json": null}}, {"model": "clinico.medicionvalor", "pk": 92, "fields": {"medicion": 149, "campo": 18, "valor_number": null, "valor_text": "2026-03-13T11:24", "valor_boolean": null, "valor_json": null}}, {"model": "clinico.medicionvalor", "pk": 93, "fields": {"medicion": 150, "campo": 7, "valor_number": null, "valor_text": "4û6 Activa", "valor_boolean": null, "valor_json": null}}, {"model": "clinico.medicionvalor", "pk": 94, "fields": {"medicion": 151, "campo": 8, "valor_number": null, "valor_text": "0.4", "valor_boolean": null, "valor_json": null}}, {"model": "clinico.medicionvalor", "pk": 95, "fields": {"medicion": 152, "campo": 15, "valor_number": null, "valor_text": "No - Membranas a·n Ýntegras", "valor_boolean": null, "valor_json": null}}, {"model": "clinico.medicionvalor", "pk": 96, "fields": {"medicion": 154, "campo": 12, "valor_number": null, "valor_text": "Meconio leve", "valor_boolean": null, "valor_json": null}}, {"model": "clinico.medicionvalor", "pk": 97, "fields": {"medicion": 153, "campo": 14, "valor_number": null, "valor_text": "SÝ - Bolsa amni¾tica Ýntegra", "valor_boolean": null, "valor_json": null}}, {"model": "clinico.medicionvalor", "pk": 98, "fields": {"medicion": 157, "campo": 15, "valor_number": null, "valor_text": "No - Membranas a·n Ýntegras", "valor_boolean": null, "valor_json": null}}, {"model": "clinico.medicionvalor", "pk": 99, "fields": {"medicion": 155, "campo": 12, "valor_number": null, "valor_text": "Meconio leve", "valor_boolean": null, "valor_json": null}}, {"model": "clinico.medicionvalor", "pk": 100, "fields": {"medicion": 156, "campo": 14, "valor_number": null, "valor_text": "SÝ - Bolsa amni¾tica Ýntegra", "valor_boolean": null, "valor_json": null}}, {"model": "clinico.huella", "pk": 4, "fields": {"paciente_id": "888888", "formulario_id": "123", "template": "PRUEBA_VISIBLE_ROJA", "imagen": "huellas_biometricas/huella_888888_c8pK3dK.png", "imagen_firma": "firmas/firma_888888_iq7BTty.png", "usuario": "TEST_VISIBLE", "fecha": "2026-03-12T04:25:54.010Z"}}, {"model": "clinico.huella", "pk": 17, "fields": {"paciente_id": "1", "formulario_id": "7", "template": null, "imagen": "", "imagen_firma": "firmas/firma_1_JxYmiFo.png", "usuario": "EDISON IBARRA", "fecha": "2026-03-12T16:41:14.054Z"}}, {"model": "clinico.huella", "pk": 18, "fields": {"paciente_id": "1", "formulario_id": "7", "template": "QwESDgFjYf///////////////w8ARQAAAAAAAAAAAH8Km4BfHaXAjihHgiIyZ4KEO5TAQ1ZawlpWpcA3WrOADX/LwCe62YA22yXCi+t4wMMMctEuUDrTZVCD0QAAAAAAAAAAAAAAAAAAAAAAAAAAAAAAAAAAAAAAAAAAAAAAAAAAAAAAAAAAAAAAAAAAAAAAAAAAAAAAAAAAAAAAAAAAAAAAAAAAAAAAAAAAAAAAAAAAAAAAAAAAAAAAAAAAAAAAAAAAAAAAAAAAAAAAAAAAAAAAAAAAAAAAAAAAAAAAAAAAAAAAAAAAAAAAAAAAAAAAAAAAAAAAAAAAAAAAAAAAAAAAAAAAAAAAAAAAAAAAAAAAAAAAAAAAAAAAAAAAAAAAAAAAAAAAAAAAAAAAAAAAAAAAAAAAAAAAAAAAAAAAAAAAAAAAAAAAAAAAAAAAAAAAAAAAAAAAAAAAAAAAAAAAAAAAAAAAAAAAAAAAAAAAAAAAAAAAAAAAAAAAAAAAAAAAAAAAAAAAAAAAAAAAAAAAAAAAAAAAAAAAAAAAAAAAAAAAAAAAAAAAAAAAAAAAAAAAAAAAAAAAAAAAAAAAAAAAAAAAAAAAAAAAAAAAAAAAAAAAAAAAAAAAAAAAAAAAAAAAAAAAAAAAAAAAAAAAAAAAAAAAAAAAAAAAAAAAAAAAAOgAAAAAAAAAAAAAAAAAAAAAAAAAAAAAAAAAAAAAAAAAAAAAAAAAAAAAAAAAAAAAAAAAAAAAAAAAAAAAAAAAAAAAAAAAAAAAAAAAAAAAAAAAAAAAAAAAAAAAAAAAAAAAAAAAAAAAAAAAAAAAAAAAAAAAAAAAAAAAAAAAAAAAAAAAAAAAAAAAAAAAAAAAAAAAAAAAAAAAAAAAAAAAAAAAAAAAAAAAAAAAAAAAAAAAAAAAAAAAAAAAAAAAAAAAAAAAAAAAAAAAAAAAAAAAAAAAAAAAAAAAAAAAAAAAAAAAAAAAAAAAAAAAAAAAAAAAAAAAAAAAAAAAAAAAAAAAAAAAAAAAAAAAAAAAAAAAAAAAAAAAAAAAAAAAAAAAAAAAAAAAAAAAAAAAAAAAAAAAAAAAAAAAAAAAAAAAAAAAAAAAAAAAAAAAAAAAAAAAAAAAAAAAAAAAAAAAAAAAAAAAAAAAAAAAAAAAAAAAAAAAAAAAAAAAAAAAAAAAAAAAAAAAAAAAAAAAAAAAAAAAAAAAAAAAAAAAAAAAAAAAAAAAAAAAAAAAAAAAAAAAAAAAAAAAAAAAAAAAAAAAAAAAAAAAAAAAAAAAAAAAAAAAAAAAAAAAAAAAAAAAAAAAAAAAAAAAAAAAAAAAAAAAAAAAAAAAAAAAAAAAAAAAAAAAAAAAAAAAAAAAAA==", "imagen": "huellas_biometricas/huella_1_qeb5kPu.png", "imagen_firma": "", "usuario": "enfermera", "fecha": "2026-03-12T16:41:28.351Z"}}, {"model": "clinico.huella", "pk": 19, "fields": {"paciente_id": "19", "formulario_id": "8", "template": "QwESDgFjYf///////////////xgAaQAAAAAAAAAAAKkjqYDJIqLA0CtTguMyn4DESKLAiF1ngulnlMClgVnCvoKlwJ2GsIAXlR/AIaHPgG+pxMASu+GAU9HhgCDV6MCG5taATfj7wJUHJdMPDfzRMhEGk+oZddFLQmvRO08hkwAAAAAAAAAAAAAAAAAAAAAAAAAAAAAAAAAAAAAAAAAAAAAAAAAAAAAAAAAAAAAAAAAAAAAAAAAAAAAAAAAAAAAAAAAAAAAAAAAAAAAAAAAAAAAAAAAAAAAAAAAAAAAAAAAAAAAAAAAAAAAAAAAAAAAAAAAAAAAAAAAAAAAAAAAAAAAAAAAAAAAAAAAAAAAAAAAAAAAAAAAAAAAAAAAAAAAAAAAAAAAAAAAAAAAAAAAAAAAAAAAAAAAAAAAAAAAAAAAAAAAAAAAAAAAAAAAAAAAAAAAAAAAAAAAAAAAAAAAAAAAAAAAAAAAAAAAAAAAAAAAAAAAAAAAAAAAAAAAAAAAAAAAAAAAAAAAAAAAAAAAAAAAAAAAAAAAAAAAAAAAAAAAAAAAAAAAAAAAAAAAAAAAAAAAAAAAAAAAAAAAAAAAAAAAAAAAAAAAAAAAAAAAAAAAAAAAAAAAAAAAAAAAAAAAAAAAAAAAAAAAAAAAAAAAAAAAAAAAAAAAAAAAAAAAAAKcAAAAAAAAAAAAAAAAAAAAAAAAAAAAAAAAAAAAAAAAAAAAAAAAAAAAAAAAAAAAAAAAAAAAAAAAAAAAAAAAAAAAAAAAAAAAAAAAAAAAAAAAAAAAAAAAAAAAAAAAAAAAAAAAAAAAAAAAAAAAAAAAAAAAAAAAAAAAAAAAAAAAAAAAAAAAAAAAAAAAAAAAAAAAAAAAAAAAAAAAAAAAAAAAAAAAAAAAAAAAAAAAAAAAAAAAAAAAAAAAAAAAAAAAAAAAAAAAAAAAAAAAAAAAAAAAAAAAAAAAAAAAAAAAAAAAAAAAAAAAAAAAAAAAAAAAAAAAAAAAAAAAAAAAAAAAAAAAAAAAAAAAAAAAAAAAAAAAAAAAAAAAAAAAAAAAAAAAAAAAAAAAAAAAAAAAAAAAAAAAAAAAAAAAAAAAAAAAAAAAAAAAAAAAAAAAAAAAAAAAAAAAAAAAAAAAAAAAAAAAAAAAAAAAAAAAAAAAAAAAAAAAAAAAAAAAAAAAAAAAAAAAAAAAAAAAAAAAAAAAAAAAAAAAAAAAAAAAAAAAAAAAAAAAAAAAAAAAAAAAAAAAAAAAAAAAAAAAAAAAAAAAAAAAAAAAAAAAAAAAAAAAAAAAAAAAAAAAAAAAAAAAAAAAAAAAAAAAAAAAAAAAAAAAAAAAAAAAAAAAAAAAAAAAAAAAAAAAAAAAAAA==", "imagen": "huellas_biometricas/huella_19.png", "imagen_firma": "", "usuario": "enfermera", "fecha": "2026-03-12T16:43:58.328Z"}}, {"model": "clinico.huella", "pk": 20, "fields": {"paciente_id": "19", "formulario_id": "8", "template": null, "imagen": "", "imagen_firma": "firmas/firma_19.png", "usuario": "Sistema", "fecha": "2026-03-12T16:44:13.896Z"}}, {"model": "clinico.huella", "pk": 21, "fields": {"paciente_id": "33", "formulario_id": null, "template": "QwESDgFjYv///////////////xQAWQAAAAAAAAAAAMQOm8DLGEmC3SKVgLkxnsB7QGCC5UA+gttTkMCVZ1PCimutgK5qn8BbjL7APLLcgG3K04Ay1/XAGur8wHrtHMLMBm7RJyBk0RYsG5M9RCbTAAAAAAAAAAAAAAAAAAAAAAAAAAAAAAAAAAAAAAAAAAAAAAAAAAAAAAAAAAAAAAAAAAAAAAAAAAAAAAAAAAAAAAAAAAAAAAAAAAAAAAAAAAAAAAAAAAAAAAAAAAAAAAAAAAAAAAAAAAAAAAAAAAAAAAAAAAAAAAAAAAAAAAAAAAAAAAAAAAAAAAAAAAAAAAAAAAAAAAAAAAAAAAAAAAAAAAAAAAAAAAAAAAAAAAAAAAAAAAAAAAAAAAAAAAAAAAAAAAAAAAAAAAAAAAAAAAAAAAAAAAAAAAAAAAAAAAAAAAAAAAAAAAAAAAAAAAAAAAAAAAAAAAAAAAAAAAAAAAAAAAAAAAAAAAAAAAAAAAAAAAAAAAAAAAAAAAAAAAAAAAAAAAAAAAAAAAAAAAAAAAAAAAAAAAAAAAAAAAAAAAAAAAAAAAAAAAAAAAAAAAAAAAAAAAAAAAAAAAAAAAAAAAAAAAAAAAAAAAAAAAAAAAAAAAAAAAAAAAAAAAAAAAAAAAAAAAAAAAAAAAAAAAAAAAAAAE4AAAAAAAAAAAAAAAAAAAAAAAAAAAAAAAAAAAAAAAAAAAAAAAAAAAAAAAAAAAAAAAAAAAAAAAAAAAAAAAAAAAAAAAAAAAAAAAAAAAAAAAAAAAAAAAAAAAAAAAAAAAAAAAAAAAAAAAAAAAAAAAAAAAAAAAAAAAAAAAAAAAAAAAAAAAAAAAAAAAAAAAAAAAAAAAAAAAAAAAAAAAAAAAAAAAAAAAAAAAAAAAAAAAAAAAAAAAAAAAAAAAAAAAAAAAAAAAAAAAAAAAAAAAAAAAAAAAAAAAAAAAAAAAAAAAAAAAAAAAAAAAAAAAAAAAAAAAAAAAAAAAAAAAAAAAAAAAAAAAAAAAAAAAAAAAAAAAAAAAAAAAAAAAAAAAAAAAAAAAAAAAAAAAAAAAAAAAAAAAAAAAAAAAAAAAAAAAAAAAAAAAAAAAAAAAAAAAAAAAAAAAAAAAAAAAAAAAAAAAAAAAAAAAAAAAAAAAAAAAAAAAAAAAAAAAAAAAAAAAAAAAAAAAAAAAAAAAAAAAAAAAAAAAAAAAAAAAAAAAAAAAAAAAAAAAAAAAAAAAAAAAAAAAAAAAAAAAAAAAAAAAAAAAAAAAAAAAAAAAAAAAAAAAAAAAAAAAAAAAAAAAAAAAAAAAAAAAAAAAAAAAAAAAAAAAAAAAAAAAAAAAAAAAAAAAAAAAAAAAAAAA==", "imagen": "huellas_biometricas/huella_33.png", "imagen_firma": "", "usuario": "enfermera", "fecha": "2026-03-12T20:16:25.480Z"}}, {"model": "clinico.huella", "pk": 22, "fields": {"paciente_id": "33", "formulario_id": null, "template": null, "imagen": "", "imagen_firma": "firmas/firma_33.png", "usuario": "Sistema", "fecha": "2026-03-12T20:16:42.772Z"}}, {"model": "clinico.huella", "pk": 23, "fields": {"paciente_id": "TEST999", "formulario_id": null, "template": "DATO_HUELLA_TEST", "imagen": "huellas_biometricas/huella_test_zemNA4X.png", "imagen_firma": "", "usuario": "Tester", "fecha": "2026-03-12T22:15:21.104Z"}}, {"model": "clinico.huella", "pk": 24, "fields": {"paciente_id": "TEST999", "formulario_id": null, "template": null, "imagen": "", "imagen_firma": "firmas/firma_test_5ZpaN10.png", "usuario": "Tester", "fecha": "2026-03-12T22:15:21.143Z"}}, {"model": "clinico.huella", "pk": 25, "fields": {"paciente_id": "34", "formulario_id": "8", "template": null, "imagen": "", "imagen_firma": "firmas/firma_34.png", "usuario": "Sistema", "fecha": "2026-03-12T22:41:14.036Z"}}, {"model": "clinico.huella", "pk": 26, "fields": {"paciente_id": "34", "formulario_id": "8", "template": "QwESDgFjYv///////////////xQAWQAAAAAAAAAAAMIWpcCGKmSC5jaUwKRPWcK6T6XAmFOwgG11yMBQn+GAHqDowISy04BLxPvAktMjwjHaAoLm5nXASA1o0TkaIZNfLS3ThEY607xIg9G4XZSRAAAAAAAAAAAAAAAAAAAAAAAAAAAAAAAAAAAAAAAAAAAAAAAAAAAAAAAAAAAAAAAAAAAAAAAAAAAAAAAAAAAAAAAAAAAAAAAAAAAAAAAAAAAAAAAAAAAAAAAAAAAAAAAAAAAAAAAAAAAAAAAAAAAAAAAAAAAAAAAAAAAAAAAAAAAAAAAAAAAAAAAAAAAAAAAAAAAAAAAAAAAAAAAAAAAAAAAAAAAAAAAAAAAAAAAAAAAAAAAAAAAAAAAAAAAAAAAAAAAAAAAAAAAAAAAAAAAAAAAAAAAAAAAAAAAAAAAAAAAAAAAAAAAAAAAAAAAAAAAAAAAAAAAAAAAAAAAAAAAAAAAAAAAAAAAAAAAAAAAAAAAAAAAAAAAAAAAAAAAAAAAAAAAAAAAAAAAAAAAAAAAAAAAAAAAAAAAAAAAAAAAAAAAAAAAAAAAAAAAAAAAAAAAAAAAAAAAAAAAAAAAAAAAAAAAAAAAAAAAAAAAAAAAAAAAAAAAAAAAAAAAAAAAAAAAAAAAAAAAAAAAAAAAAAAAAABYAAAAAAAAAAAAAAAAAAAAAAAAAAAAAAAAAAAAAAAAAAAAAAAAAAAAAAAAAAAAAAAAAAAAAAAAAAAAAAAAAAAAAAAAAAAAAAAAAAAAAAAAAAAAAAAAAAAAAAAAAAAAAAAAAAAAAAAAAAAAAAAAAAAAAAAAAAAAAAAAAAAAAAAAAAAAAAAAAAAAAAAAAAAAAAAAAAAAAAAAAAAAAAAAAAAAAAAAAAAAAAAAAAAAAAAAAAAAAAAAAAAAAAAAAAAAAAAAAAAAAAAAAAAAAAAAAAAAAAAAAAAAAAAAAAAAAAAAAAAAAAAAAAAAAAAAAAAAAAAAAAAAAAAAAAAAAAAAAAAAAAAAAAAAAAAAAAAAAAAAAAAAAAAAAAAAAAAAAAAAAAAAAAAAAAAAAAAAAAAAAAAAAAAAAAAAAAAAAAAAAAAAAAAAAAAAAAAAAAAAAAAAAAAAAAAAAAAAAAAAAAAAAAAAAAAAAAAAAAAAAAAAAAAAAAAAAAAAAAAAAAAAAAAAAAAAAAAAAAAAAAAAAAAAAAAAAAAAAAAAAAAAAAAAAAAAAAAAAAAAAAAAAAAAAAAAAAAAAAAAAAAAAAAAAAAAAAAAAAAAAAAAAAAAAAAAAAAAAAAAAAAAAAAAAAAAAAAAAAAAAAAAAAAAAAAAAAAAAAAAAAAAAAAAAAAAAAAAAAAAAAA==", "imagen": "huellas_biometricas/huella_34.png", "imagen_firma": "", "usuario": "enfermera", "fecha": "2026-03-12T22:41:19.642Z"}}, {"model": "clinico.huella", "pk": 27, "fields": {"paciente_id": "1", "formulario_id": "7", "template": "QwESDgFjWv///////////////xIAUQAAAAAAAAAAAK4nqcDcMEuCdD9ngtNEl8CUYl3Cq2GmwIlmtoBejMjARbbhgBK758B5x9mAQNz7wIroI8Ir8wPC3fV4wD8ka9EwMiOTWEUw0wAAAAAAAAAAAAAAAAAAAAAAAAAAAAAAAAAAAAAAAAAAAAAAAAAAAAAAAAAAAAAAAAAAAAAAAAAAAAAAAAAAAAAAAAAAAAAAAAAAAAAAAAAAAAAAAAAAAAAAAAAAAAAAAAAAAAAAAAAAAAAAAAAAAAAAAAAAAAAAAAAAAAAAAAAAAAAAAAAAAAAAAAAAAAAAAAAAAAAAAAAAAAAAAAAAAAAAAAAAAAAAAAAAAAAAAAAAAAAAAAAAAAAAAAAAAAAAAAAAAAAAAAAAAAAAAAAAAAAAAAAAAAAAAAAAAAAAAAAAAAAAAAAAAAAAAAAAAAAAAAAAAAAAAAAAAAAAAAAAAAAAAAAAAAAAAAAAAAAAAAAAAAAAAAAAAAAAAAAAAAAAAAAAAAAAAAAAAAAAAAAAAAAAAAAAAAAAAAAAAAAAAAAAAAAAAAAAAAAAAAAAAAAAAAAAAAAAAAAAAAAAAAAAAAAAAAAAAAAAAAAAAAAAAAAAAAAAAAAAAAAAAAAAAAAAAAAAAAAAAAAAAAAAAAAAAAAAAAAAAAAAAI0AAAAAAAAAAAAAAAAAAAAAAAAAAAAAAAAAAAAAAAAAAAAAAAAAAAAAAAAAAAAAAAAAAAAAAAAAAAAAAAAAAAAAAAAAAAAAAAAAAAAAAAAAAAAAAAAAAAAAAAAAAAAAAAAAAAAAAAAAAAAAAAAAAAAAAAAAAAAAAAAAAAAAAAAAAAAAAAAAAAAAAAAAAAAAAAAAAAAAAAAAAAAAAAAAAAAAAAAAAAAAAAAAAAAAAAAAAAAAAAAAAAAAAAAAAAAAAAAAAAAAAAAAAAAAAAAAAAAAAAAAAAAAAAAAAAAAAAAAAAAAAAAAAAAAAAAAAAAAAAAAAAAAAAAAAAAAAAAAAAAAAAAAAAAAAAAAAAAAAAAAAAAAAAAAAAAAAAAAAAAAAAAAAAAAAAAAAAAAAAAAAAAAAAAAAAAAAAAAAAAAAAAAAAAAAAAAAAAAAAAAAAAAAAAAAAAAAAAAAAAAAAAAAAAAAAAAAAAAAAAAAAAAAAAAAAAAAAAAAAAAAAAAAAAAAAAAAAAAAAAAAAAAAAAAAAAAAAAAAAAAAAAAAAAAAAAAAAAAAAAAAAAAAAAAAAAAAAAAAAAAAAAAAAAAAAAAAAAAAAAAAAAAAAAAAAAAAAAAAAAAAAAAAAAAAAAAAAAAAAAAAAAAAAAAAAAAAAAAAAAAAAAAAAAAAAAAAAAAAAAAAA==", "imagen": "huellas_biometricas/huella_1_xyOHZds.png", "imagen_firma": "", "usuario": "enfermera", "fecha": "2026-03-13T01:33:04.765Z"}}, {"model": "clinico.huella", "pk": 28, "fields": {"paciente_id": "1", "formulario_id": "7", "template": null, "imagen": "", "imagen_firma": "firmas/firma_1_K13IBdF.png", "usuario": "EDISON IBARRA", "fecha": "2026-03-13T01:33:12.071Z"}}, {"model": "clinico.huella", "pk": 29, "fields": {"paciente_id": "35", "formulario_id": "9", "template": null, "imagen": "", "imagen_firma": "firmas/firma_35.png", "usuario": "Sistema", "fecha": "2026-03-13T01:42:07.618Z"}}, {"model": "clinico.huella", "pk": 30, "fields": {"paciente_id": "35", "formulario_id": "9", "template": "QwESDgFjXv///////////////xYAYQAAAAAAAAAAAMIbpcCIMWSC6DqVwKdWWsK9VqXAmlqwgCFwzMBwfsLAE47hgCKo6MBUp+CAhrrZgE7L+8CX3CPCEeD/wDnhAMLr6nXASxRo0TwhI5NkNC3TiUw708FNg9EAAAAAAAAAAAAAAAAAAAAAAAAAAAAAAAAAAAAAAAAAAAAAAAAAAAAAAAAAAAAAAAAAAAAAAAAAAAAAAAAAAAAAAAAAAAAAAAAAAAAAAAAAAAAAAAAAAAAAAAAAAAAAAAAAAAAAAAAAAAAAAAAAAAAAAAAAAAAAAAAAAAAAAAAAAAAAAAAAAAAAAAAAAAAAAAAAAAAAAAAAAAAAAAAAAAAAAAAAAAAAAAAAAAAAAAAAAAAAAAAAAAAAAAAAAAAAAAAAAAAAAAAAAAAAAAAAAAAAAAAAAAAAAAAAAAAAAAAAAAAAAAAAAAAAAAAAAAAAAAAAAAAAAAAAAAAAAAAAAAAAAAAAAAAAAAAAAAAAAAAAAAAAAAAAAAAAAAAAAAAAAAAAAAAAAAAAAAAAAAAAAAAAAAAAAAAAAAAAAAAAAAAAAAAAAAAAAAAAAAAAAAAAAAAAAAAAAAAAAAAAAAAAAAAAAAAAAAAAAAAAAAAAAAAAAAAAAAAAAAAAAAAAAAAAAAAAAAAAAAAAAAsAAAAAAAAAAAAAAAAAAAAAAAAAAAAAAAAAAAAAAAAAAAAAAAAAAAAAAAAAAAAAAAAAAAAAAAAAAAAAAAAAAAAAAAAAAAAAAAAAAAAAAAAAAAAAAAAAAAAAAAAAAAAAAAAAAAAAAAAAAAAAAAAAAAAAAAAAAAAAAAAAAAAAAAAAAAAAAAAAAAAAAAAAAAAAAAAAAAAAAAAAAAAAAAAAAAAAAAAAAAAAAAAAAAAAAAAAAAAAAAAAAAAAAAAAAAAAAAAAAAAAAAAAAAAAAAAAAAAAAAAAAAAAAAAAAAAAAAAAAAAAAAAAAAAAAAAAAAAAAAAAAAAAAAAAAAAAAAAAAAAAAAAAAAAAAAAAAAAAAAAAAAAAAAAAAAAAAAAAAAAAAAAAAAAAAAAAAAAAAAAAAAAAAAAAAAAAAAAAAAAAAAAAAAAAAAAAAAAAAAAAAAAAAAAAAAAAAAAAAAAAAAAAAAAAAAAAAAAAAAAAAAAAAAAAAAAAAAAAAAAAAAAAAAAAAAAAAAAAAAAAAAAAAAAAAAAAAAAAAAAAAAAAAAAAAAAAAAAAAAAAAAAAAAAAAAAAAAAAAAAAAAAAAAAAAAAAAAAAAAAAAAAAAAAAAAAAAAAAAAAAAAAAAAAAAAAAAAAAAAAAAAAAAAAAAAAAAAAAAAAAAAAAAAAAAAAAAAAAAAAAAA==", "imagen": "huellas_biometricas/huella_35.png", "imagen_firma": "", "usuario": "enfermera", "fecha": "2026-03-13T01:42:14.679Z"}}, {"model": "clinico.huella", "pk": 31, "fields": {"paciente_id": "1", "formulario_id": "7", "template": "QwESDgFjXP///////////////xUAXQAAAAAAAAAAANsQkIC8IqXA6i5BgoI1ZILgQZTAn1pawrZapcCSXbOAaIHEwE2o44AcrOfAfrzZgEbP/MCO3x/CMuYAwuDydcBDGGjRNCUhk1o4KdN+UjrTtFV/0QAAAAAAAAAAAAAAAAAAAAAAAAAAAAAAAAAAAAAAAAAAAAAAAAAAAAAAAAAAAAAAAAAAAAAAAAAAAAAAAAAAAAAAAAAAAAAAAAAAAAAAAAAAAAAAAAAAAAAAAAAAAAAAAAAAAAAAAAAAAAAAAAAAAAAAAAAAAAAAAAAAAAAAAAAAAAAAAAAAAAAAAAAAAAAAAAAAAAAAAAAAAAAAAAAAAAAAAAAAAAAAAAAAAAAAAAAAAAAAAAAAAAAAAAAAAAAAAAAAAAAAAAAAAAAAAAAAAAAAAAAAAAAAAAAAAAAAAAAAAAAAAAAAAAAAAAAAAAAAAAAAAAAAAAAAAAAAAAAAAAAAAAAAAAAAAAAAAAAAAAAAAAAAAAAAAAAAAAAAAAAAAAAAAAAAAAAAAAAAAAAAAAAAAAAAAAAAAAAAAAAAAAAAAAAAAAAAAAAAAAAAAAAAAAAAAAAAAAAAAAAAAAAAAAAAAAAAAAAAAAAAAAAAAAAAAAAAAAAAAAAAAAAAAAAAAAAAAAAAAAAAAAAAAOgAAAAAAAAAAAAAAAAAAAAAAAAAAAAAAAAAAAAAAAAAAAAAAAAAAAAAAAAAAAAAAAAAAAAAAAAAAAAAAAAAAAAAAAAAAAAAAAAAAAAAAAAAAAAAAAAAAAAAAAAAAAAAAAAAAAAAAAAAAAAAAAAAAAAAAAAAAAAAAAAAAAAAAAAAAAAAAAAAAAAAAAAAAAAAAAAAAAAAAAAAAAAAAAAAAAAAAAAAAAAAAAAAAAAAAAAAAAAAAAAAAAAAAAAAAAAAAAAAAAAAAAAAAAAAAAAAAAAAAAAAAAAAAAAAAAAAAAAAAAAAAAAAAAAAAAAAAAAAAAAAAAAAAAAAAAAAAAAAAAAAAAAAAAAAAAAAAAAAAAAAAAAAAAAAAAAAAAAAAAAAAAAAAAAAAAAAAAAAAAAAAAAAAAAAAAAAAAAAAAAAAAAAAAAAAAAAAAAAAAAAAAAAAAAAAAAAAAAAAAAAAAAAAAAAAAAAAAAAAAAAAAAAAAAAAAAAAAAAAAAAAAAAAAAAAAAAAAAAAAAAAAAAAAAAAAAAAAAAAAAAAAAAAAAAAAAAAAAAAAAAAAAAAAAAAAAAAAAAAAAAAAAAAAAAAAAAAAAAAAAAAAAAAAAAAAAAAAAAAAAAAAAAAAAAAAAAAAAAAAAAAAAAAAAAAAAAAAAAAAAAAAAAAAAAAAAAAAAAAAAAAA==", "imagen": "huellas_biometricas/huella_1_dbXbKJa.png", "imagen_firma": "", "usuario": "enfermera", "fecha": "2026-03-13T04:17:16.359Z"}}, {"model": "clinico.huella", "pk": 32, "fields": {"paciente_id": "1", "formulario_id": "7", "template": null, "imagen": "", "imagen_firma": "firmas/firma_1_3R3GjXc.png", "usuario": "EDISON IBARRA", "fecha": "2026-03-13T04:17:25.595Z"}}, {"model": "clinico.huella", "pk": 33, "fields": {"paciente_id": "34", "formulario_id": "8", "template": null, "imagen": "", "imagen_firma": "firmas/firma_34_kbd54hK.png", "usuario": "Edison", "fecha": "2026-03-13T15:07:21.179Z"}}, {"model": "clinico.huella", "pk": 34, "fields": {"paciente_id": "1", "formulario_id": "7", "template": null, "imagen": "", "imagen_firma": "firmas/firma_1_N7Uyvww.png", "usuario": "EDISON IBARRA", "fecha": "2026-03-13T16:44:15.149Z"}}, {"model": "clinico.huella", "pk": 35, "fields": {"paciente_id": "1", "formulario_id": "7", "template": null, "imagen": "", "imagen_firma": "firmas/firma_1_WCjb8vh.png", "usuario": "EDISON IBARRA", "fecha": "2026-03-13T16:57:12.286Z"}}, {"model": "clinico.huella", "pk": 36, "fields": {"paciente_id": "1", "formulario_id": "7", "template": null, "imagen": "", "imagen_firma": "firmas/firma_1_iBDCIqd.png", "usuario": "EDISON IBARRA", "fecha": "2026-03-16T12:06:58.947Z"}}, {"model": "clinico.huella", "pk": 37, "fields": {"paciente_id": "1", "formulario_id": "7", "template": "QwESDgFjXP///////////////yYAoQAAAAAAAAAAAHwqXcJvXKbAyl+UwDhoA4Boaa2AH3fJgEp7u4C5fU+CkIapgPKKm8DpkUGCaZm3wBGh4YDJoT2CPrHhgGm40sDNxzOCEs3ygOzTM8In2f+AVdwKgtPdM8Jt4B7Cr+Qcwt7kg8CP8H+A2/cewqT7b8CZ/pWAawo6054KnJFcDCzTiQ5I064MaNFQEybTrxmA0TobJtO1JV3RAAAAAAAAAAAAAAAAAAAAAAAAAAAAAAAAAAAAAAAAAAAAAAAAAAAAAAAAAAAAAAAAAAAAAAAAAAAAAAAAAAAAAAAAAAAAAAAAAAAAAAAAAAAAAAAAAAAAAAAAAAAAAAAAAAAAAAAAAAAAAAAAAAAAAAAAAAAAAAAAAAAAAAAAAAAAAAAAAAAAAAAAAAAAAAAAAAAAAAAAAAAAAAAAAAAAAAAAAAAAAAAAAAAAAAAAAAAAAAAAAAAAAAAAAAAAAAAAAAAAAAAAAAAAAAAAAAAAAAAAAAAAAAAAAAAAAAAAAAAAAAAAAAAAAAAAAAAAAAAAAAAAAAAAAAAAAAAAAAAAAAAAAAAAAAAAAAAAAAAAAAAAAAAAAAAAAAAAAAAAAAAAAAAAAAAAAAAAAAAAAAAAAAAAAAAAAAAAAAAAAAAAAAAAAAAAAAAAAAIAAAAAAAAAAAAAAAAAAAAAAAAAAAAAAAAAAAAAAAAAAAAAAAAAAAAAAAAAAAAAAAAAAAAAAAAAAAAAAAAAAAAAAAAAAAAAAAAAAAAAAAAAAAAAAAAAAAAAAAAAAAAAAAAAAAAAAAAAAAAAAAAAAAAAAAAAAAAAAAAAAAAAAAAAAAAAAAAAAAAAAAAAAAAAAAAAAAAAAAAAAAAAAAAAAAAAAAAAAAAAAAAAAAAAAAAAAAAAAAAAAAAAAAAAAAAAAAAAAAAAAAAAAAAAAAAAAAAAAAAAAAAAAAAAAAAAAAAAAAAAAAAAAAAAAAAAAAAAAAAAAAAAAAAAAAAAAAAAAAAAAAAAAAAAAAAAAAAAAAAAAAAAAAAAAAAAAAAAAAAAAAAAAAAAAAAAAAAAAAAAAAAAAAAAAAAAAAAAAAAAAAAAAAAAAAAAAAAAAAAAAAAAAAAAAAAAAAAAAAAAAAAAAAAAAAAAAAAAAAAAAAAAAAAAAAAAAAAAAAAAAAAAAAAAAAAAAAAAAAAAAAAAAAAAAAAAAAAAAAAAAAAAAAAAAAAAAAAAAAAAAAAAAAAAAAAAAAAAAAAAAAAAAAAAAAAAAAAAAAAAAAAAAAAAAAAAAAAAAAAAAAAAAAAAAAAAAAAAAAAAAAAAAAAAAAAAAAAAAAAAAAAAAAAAAAAAAAAAAAAAAA==", "imagen": "huellas_biometricas/huella_1_yFL81cS.png", "imagen_firma": "", "usuario": "enfermera", "fecha": "2026-03-16T14:22:49.655Z"}}]
